station_id,station_name,water_body,opw_catchment_name,rbd,derived_catchment_name,catchment_id,subcatchment_id,subcatchment_name,subcatchment_area_km2,opw_catchment_area_km2,subcatchment_to_true_area_ratio,single_subcatchment_gauge,ambiguous_match,meets_thresholds,status,sentinel_era_span_days,sentinel_era_completeness_pct,sentinel_era_max_gap_days,sentinel_era_quality_ok_pct,sentinel_era_interval_minutes,latitude,longitude,Status,opw_catchment_area,river,usable_for_study,file_format,record_start,record_end,record_span_days,total_rows,sentinel_era_start,sentinel_era_end,sentinel_era_rows,sentinel_era_n_missing_values,quality_code_top5,n_bad_timestamps,declared_rows,parameter,ts_shortname,unit,error,file,subcatchment_area_m2,n_candidate_stations_in_catchment
11001,Boleany,OWENAVORRAGH,OWENAVORRAGH,SOUTH EASTERN RBD,Owenavorragh,11,11_2,Owenavorragh_SC_010,160.77,148.0,1.09,True,False,True,ok,3507.0,98.93,13.4,1.7,15.0,52.64369028,-6.270794167,Level & Flow,148.00 km²,,True,plain_csv,1972-03-13T16:00:00+00:00,2026-08-09T23:30:00+00:00,19872.0,1907743.0,2017-01-01T00:00:00+00:00,2026-08-09T23:30:00+00:00,336767.0,3592.0,31:1770661; 32:59243; -1:56873; 42:8245; 254:5837,0.0,,,,,,wl_11001.csv,160765071.088,1
12007,St. Johns Br,URRIN,SLANEY,SOUTH EASTERN RBD,Urrin,12,12_7,Urrin_SC_010,116.01,115.43,1.01,True,False,True,ok,3507.0,98.93,4.25,2.15,15.0,52.49329083,-6.573358611,Level,115.43 km²,,True,plain_csv,2003-04-15T13:15:00+00:00,2026-08-09T23:30:00+00:00,8517.0,817674.0,2017-01-01T00:00:00+00:00,2026-08-09T23:30:00+00:00,336767.0,3592.0,31:635790; -1:109997; 32:27664; 254:27254; 101:12711,0.0,,,,,,wl_12007.csv,116005380.36999999,3
13070,Lady's Island,LADY'S ISLAND LAKE,COASTAL,SOUTH EASTERN RBD,KISHA,13,13_4,KISHA_SC_010,95.37,0.0,inf,False,False,True,ok,3507.0,98.79,18.72,3.74,15.0,52.21100444,-6.383141111,Level,0.00 km²,,True,plain_csv,1998-11-25T17:00:00+00:00,2026-08-09T23:30:00+00:00,10119.0,971451.0,2017-01-01T00:00:00+00:00,2026-08-09T23:30:00+00:00,336767.0,4077.0,31:614734; -1:148531; 99:124261; 32:41791; 101:20278,0.0,,,,,,wl_13070.csv,95370347.6636,1
14013,Ballinacarrig,BURREN,BARROW,SOUTH EASTERN RBD,Barrow,14,14_13,Barrow_SC_090,189.01,155.0,1.22,True,False,True,ok,3507.0,99.32,7.86,0.6,15.0,52.82426389,-6.898153889,Level & Flow,155.00 km²,,True,plain_csv,1972-01-01T00:00:00+00:00,2026-08-09T23:30:00+00:00,19944.0,1914719.0,2017-01-01T00:00:00+00:00,2026-08-09T23:30:00+00:00,336767.0,2302.0,31:1777574; -1:91951; 32:31966; 101:11217; 254:2008,0.0,,,,,,wl_14013.csv,189011739.358,16
15007,Kilbricken,NORE,BARROW,SOUTH EASTERN RBD,Nore,15,15_16,Nore_SC_050,170.69,339.76,0.5,False,False,True,ok,3507.0,99.93,0.21,1.66,15.0,52.95925167,-7.461605556,Level & Historic Flow,339.76 km²,,True,plain_csv,1972-01-01T00:00:00+00:00,2026-08-09T23:30:00+00:00,19944.0,1914719.0,2017-01-01T00:00:00+00:00,2026-08-09T23:30:00+00:00,336767.0,241.0,31:1590581; 32:173988; 101:67650; 254:64094; -1:12149,0.0,,,,,,wl_15007.csv,170694124.007,12
16005,Aughnagross,MULTEEN,SUIR,SOUTH EASTERN RBD,Multeen[East],16,16_4,Multeen[East]_SC_010,83.26,87.0,0.96,True,False,True,ok,3507.0,99.67,5.88,1.9,15.0,52.52349611,-8.014062778,Level & Flow,87.00 km²,,True,plain_csv,1954-10-01T00:00:00+00:00,2026-08-09T23:30:00+00:00,26245.0,2519615.0,2017-01-01T00:00:00+00:00,2026-08-09T23:30:00+00:00,336767.0,1114.0,31:1693190; 32:633499; 254:95605; 99:64368; -1:24414,0.0,,,,,,wl_16005.csv,83262550.4849,20
18113,Ahane Br,OWENTARAGLIN,BLACKWATER [MUNSTER],SOUTH WESTERN RBD,Blackwater[Munster],18,18_6,Blackwater[Munster]_SC_020,86.11,76.82,1.12,True,False,True,ok,3507.0,99.99,0.06,7.31,15.0,52.09607583,-9.132805278,Level & Historic Flow,76.82 km²,,True,plain_csv,2006-06-19T00:15:00+00:00,2026-08-09T23:30:00+00:00,7356.0,706270.0,2017-01-01T00:00:00+00:00,2026-08-09T23:30:00+00:00,336767.0,29.0,31:633672; 254:34822; 41:15923; -1:12810; 101:8660,0.0,,,,,,wl_18113.csv,86106846.3727,23
19103,Ovens Bridge,Bride (Cork),LEE,SOUTH EASTERN RBD,Lee[Cork],19,19_9,Lee[Cork]_SC_050,133.84,117.82,1.14,True,False,True,ok,2582.0,99.96,0.1,13.55,15.0,51.880537,-8.654934,Level & Flow,117.82 km²,,True,plain_csv,2019-07-15T14:15:00+00:00,2026-08-09T23:30:00+00:00,2582.0,247910.0,2019-07-15T14:15:00+00:00,2026-08-09T23:30:00+00:00,247910.0,108.0,31:206661; 254:33600; 101:7541; -1:108,0.0,,,,,,wl_19103.csv,133836499.468,24
20015,Ardcahan Br,BANDON,BANDON,SOUTH WESTERN RBD,Bandon,20,20_6,Bandon_SC_010,102.92,97.08,1.06,True,False,True,ok,3507.0,99.71,8.98,4.29,15.0,51.74913611,-9.097986667,Level & Historic Flow,97.08 km²,,True,plain_csv,1990-05-22T15:30:00+00:00,2026-08-09T23:30:00+00:00,13228.0,1269921.0,2017-01-01T00:00:00+00:00,2026-08-09T23:30:00+00:00,336767.0,989.0,31:1022806; 99:62577; 32:47192; 101:46949; -1:34741,0.0,,,,,,wl_20015.csv,102917317.489,5
21020,Bridge Street,Finnihy,INNY,SOUTH WESTERN RBD,Finnihy,21,21_13,Finnihy_SC_010,60.07,31.47,1.91,False,False,True,ok,2145.0,99.93,0.06,8.18,15.0,51.88108,-9.58579,Level & Historic Flow,31.47 km²,,True,plain_csv,2020-09-24T00:00:00+00:00,2026-08-09T22:30:00+00:00,2145.0,206011.0,2020-09-24T00:00:00+00:00,2026-08-09T22:30:00+00:00,206011.0,150.0,31:155729; 32:31465; 254:16849; 42:1818; -1:150,0.0,,,,,,wl_21020.csv,60069455.128,3
22009,White Br,DEENAGH ( LAUNE),LAUNE,SOUTH WESTERN RBD,Deenagh,22,22_1,Deenagh_SC_010,30.46,35.4,0.86,True,False,True,ok,3507.0,99.73,8.0,10.0,15.0,52.05492056,-9.527219167,Level & Flow,35.40 km²,,True,plain_csv,1982-01-11T13:15:00+00:00,2026-08-09T23:30:00+00:00,16281.0,1563018.0,2017-01-01T00:00:00+00:00,2026-08-09T23:30:00+00:00,336767.0,909.0,31:1463068; -1:61755; 254:35869; 32:1407; 101:915,0.0,,,,,,wl_22009.csv,30462295.8646,6
23052,Athea U/S,GALEY,FEALE,SHANNON RBD,Galey,23,23_3,Galey_SC_010,124.15,36.3,3.42,False,False,True,ok,1920.0,99.98,0.17,10.85,15.0,52.460679,-9.286718,Level & Flow,36.30 km²,,True,plain_csv,2021-05-07T00:00:00+00:00,2026-08-09T23:30:00+00:00,1920.0,184415.0,2021-05-07T00:00:00+00:00,2026-08-09T23:30:00+00:00,184415.0,31.0,31:164375; 254:20009; -1:31,0.0,,,,,,wl_23052.csv,124150000.0,13
24005,Athlacca,MORNINGSTAR,MAIGUE,SHANNON RBD,Maigue,24,24_17,Maigue_SC_030,96.28,131.95,0.73,True,False,True,ok,3507.0,99.54,1.85,5.79,15.0,52.45876611,-8.651165833,Level & Flow,131.95 km²,,True,plain_csv,1972-10-01T00:00:00+00:00,2026-08-09T23:30:00+00:00,19670.0,1888415.0,2017-01-01T00:00:00+00:00,2026-08-09T23:30:00+00:00,336767.0,1544.0,31:1659775; -1:202911; 254:25684; 32:45,0.0,,,,,,wl_24005.csv,96283140.649,14
25016,Rahan (Clodiagh),CLODIAGH,SHANNON,SHANNON RBD,BROSNA,25A,25A_5,BROSNA_SC_040,74.71,253.78,0.29,False,False,True,ok,3507.0,99.66,4.02,1.32,15.0,53.28079861,-7.615675556,Level & Flow,253.78 km²,,True,plain_csv,1951-10-01T00:00:00+00:00,2026-08-09T23:30:00+00:00,27341.0,2624831.0,2017-01-01T00:00:00+00:00,2026-08-09T23:30:00+00:00,336767.0,1136.0,31:2053374; 41:348003; -1:138058; 254:34050; 32:25057,0.0,,,,,,wl_25016.csv,74707396.3992,9
25022,Syngefield,CAMCOR,Shannon,SHANNON RBD,Camcor,25B,25B_3,Camcor_SC_010,152.53,160.0,0.95,True,False,True,ok,3507.0,98.69,22.12,1.83,15.0,53.09280472,-7.881580278,Level & Flow,160.00 km²,,True,plain_csv,1953-09-23T15:00:00+00:00,2026-08-09T23:30:00+00:00,26618.0,2555363.0,2017-01-01T00:00:00+00:00,2026-08-09T23:30:00+00:00,336767.0,4427.0,31:1732222; 41:694199; -1:90629; 32:17859; 101:14280,0.0,,,,,,wl_25022.csv,152531950.191,10
25020,Killeen,KILLIMOR,SHANNON,SHANNON RBD,Kilcrow,25C,25C_12,Kilcrow_SC_010,224.94,197.0,1.14,True,False,True,ok,3507.0,99.29,7.65,1.27,15.0,53.149715,-8.303336111,Level & Flow,197.00 km²,,True,plain_csv,1986-01-01T02:15:00+00:00,2026-08-09T23:30:00+00:00,14830.0,1423766.0,2017-01-01T00:00:00+00:00,2026-08-09T23:30:00+00:00,336767.0,2401.0,31:1209897; -1:188438; 32:15953; 254:5544; 101:3934,0.0,,,,,,wl_25020.csv,224943223.432,5
25004,New Br (Bilboa),BILBOA,SHANNON ESTUARY,SHANNON RBD,Bilboa,25D,25D_5,Bilboa_SC_010,123.12,122.26,1.01,True,False,True,ok,3506.0,99.11,4.46,4.22,15.0,52.59164417,-8.314668889,Level & Flow,122.26 km²,,True,plain_csv,1976-01-01T00:00:00+00:00,2026-08-08T12:45:00+00:00,18482.0,1774324.0,2017-01-01T00:00:00+00:00,2026-08-08T12:45:00+00:00,336628.0,3000.0,31:1335078; 99:162217; -1:152152; 32:35937; 41:27897,0.0,,,,,,wl_25004.csv,123121499.82,9
26074,Blackrock Lock,L.    ALLEN,Shannon,SHANNON RBD,Shannon[Upper],26A,26A_3,Shannon[Upper]_SC_020,153.32,442.1,0.35,False,False,True,ok,3507.0,98.94,12.91,6.73,15.0,54.048448,-8.05076799,Level,442.10 km²,,True,plain_csv,1994-07-22T15:15:00+00:00,2026-08-09T23:30:00+00:00,11706.0,1123810.0,2017-01-01T00:00:00+00:00,2026-08-09T23:30:00+00:00,336767.0,3574.0,31:722561; -1:378597; 254:22652,0.0,,,,,,wl_26074.csv,153321070.118,1
26014,Banada Br (Lung),LUNG,Shannon-Estuary,SHANNON RBD,Lung,26B,26B_6,Lung_SC_020,90.55,215.14,0.42,False,False,True,ok,3507.0,99.82,6.2,5.87,15.0,53.89701361,-8.557030556,Level & Flow,215.14 km²,,True,plain_csv,1953-06-06T14:00:00+00:00,2026-08-09T23:30:00+00:00,26727.0,2565831.0,2017-01-01T00:00:00+00:00,2026-08-09T23:30:00+00:00,336767.0,605.0,31:2281940; -1:246904; 254:19892; 32:14197; 101:2898,0.0,,,,,,wl_26014.csv,90550041.1636,4
26019,Mullagh,CAMLIN,SHANNON,SHANNON RBD,Shannon[Upper],26C,26C_7,Shannon[Upper]_SC_060,181.76,252.96,0.72,True,False,True,ok,3507.0,99.76,3.3,6.14,15.0,53.73289833,-7.823796667,Level & Flow,252.96 km²,,True,plain_csv,1953-09-16T12:30:00+00:00,2026-08-09T23:30:00+00:00,26625.0,2556045.0,2017-01-01T00:00:00+00:00,2026-08-09T23:30:00+00:00,336767.0,800.0,31:2415338; -1:86246; 32:28610; 254:21507; 101:3783,0.0,,,,,,wl_26019.csv,181757848.144,13
26006,Willsbrook,SUCK,SUCK,SHANNON RBD,Suck,26D,26D_9,Suck_SC_010,184.82,182.0,1.02,True,False,True,ok,3507.0,99.27,8.51,3.15,15.0,53.72935694,-8.466028333,Level & Flow,182.00 km²,,True,plain_csv,1972-10-01T00:00:00+00:00,2026-08-09T23:30:00+00:00,19670.0,1888415.0,2017-01-01T00:00:00+00:00,2026-08-09T23:30:00+00:00,336767.0,2449.0,-1:1047805; 31:810891; 254:29138; 101:577; 32:4,0.0,,,,,,wl_26006.csv,184823501.661,13
26088,Hodson's Bay,L.    REE,Shannon,SHANNON RBD,Shannon[Upper],26E,26E_6,Shannon[Upper]_SC_090,272.29,4588.38,0.06,False,False,True,ok,3507.0,99.92,1.1,3.29,15.0,53.46740667,-7.987295,Level,4588.38 km²,,True,plain_csv,2002-02-24T12:30:00+00:00,2026-08-09T23:30:00+00:00,8932.0,857517.0,2017-01-01T00:00:00+00:00,2026-08-09T23:30:00+00:00,336767.0,259.0,31:649282; -1:197157; 254:11078,0.0,,,,,,wl_26088.csv,272285836.609,2
26021,Ballymahon,INNY,SHANNON,SHANNON RBD,Inny[Shannon],26F,26F_10,Inny[Shannon]_SC_080,81.68,1071.0,0.08,False,False,True,ok,3507.0,99.91,1.67,5.77,15.0,53.56286722,-7.757922778,Level & Flow,1071.00 km²,,True,plain_csv,1972-10-01T00:00:00+00:00,2026-08-09T23:30:00+00:00,19670.0,1888415.0,2017-01-01T00:00:00+00:00,2026-08-09T23:30:00+00:00,336767.0,290.0,31:1757867; -1:90806; 254:19999; 32:14616; 151:4466,0.0,,,,,,wl_26021.csv,81682267.5927,4
26028,Shannonbridge,SHANNON,SHANNON,SHANNON RBD,Shannon[Lower],26G,26G_3,Shannon[Lower]_SC_010,151.74,4999.0,0.03,False,False,True,ok,3507.0,99.81,3.51,1.38,15.0,53.2798725,-8.049581389,Level,4999.00 km²,,True,plain_csv,1983-01-01T05:45:00+00:00,2026-08-09T23:30:00+00:00,15926.0,1528968.0,2017-01-01T00:00:00+00:00,2026-08-09T23:30:00+00:00,336767.0,645.0,31:1494528; -1:20931; 32:8856; 254:4653,0.0,,,,,,wl_26028.csv,151741858.202,3
27023,Victoria Br,FERGUS,SHANNON ESTUARY,SHANNON RBD,Fergus,27,27_1,Fergus_SC_040,62.52,55.64,1.12,True,False,True,ok,3507.0,99.61,4.05,6.17,15.0,52.8485575,-8.990841667,Level,55.64 km²,,True,plain_csv,2003-08-01T00:15:00+00:00,2026-08-09T23:30:00+00:00,8409.0,807358.0,2017-01-01T00:00:00+00:00,2026-08-09T23:30:00+00:00,336767.0,1315.0,31:620929; -1:98463; 99:65221; 254:22687; 225:58,0.0,,,,,,wl_27023.csv,62523525.514,9
28002,Doonbeg,DOONBEG,DOONBEG,SHANNON RBD,Doonbeg,28,28_3,Doonbeg_SC_010,167.03,136.0,1.23,True,False,True,ok,3507.0,98.62,8.11,6.71,15.0,52.72837278,-9.521525278,Level & Flow,136.00 km²,,True,plain_csv,1972-10-01T00:00:00+00:00,2026-08-09T23:30:00+00:00,19670.0,1888415.0,2017-01-01T00:00:00+00:00,2026-08-09T23:30:00+00:00,336767.0,4632.0,31:1383940; -1:481875; 254:22592; 225:8,0.0,,,,,,wl_28002.csv,167027553.335,1
29004,Clarinbridge,CLARINBRIDGE,Galway Bay South East,WESTERN RBD,Clarinbridge,29,29_4,Clarinbridge_SC_010,119.32,123.0,0.97,True,False,True,ok,3507.0,99.17,7.67,8.56,15.0,53.22934167,-8.874782778,Level & Flow,123.00 km²,,True,plain_csv,1973-07-10T12:00:00+00:00,2026-08-09T23:30:00+00:00,19388.0,1861295.0,2017-01-01T00:00:00+00:00,2026-08-09T23:30:00+00:00,336767.0,2786.0,31:1567076; -1:258577; 254:29440; 101:6042; 32:160,0.0,,,,,,wl_29004.csv,119318317.337,13
30002,Ower Br,BLACK [Shrule],CORRIB,WESTERN RBD,Black[Shrule],30,30_11,Black[Shrule]_SC_010,200.82,178.0,1.13,True,False,True,ok,3507.0,99.68,5.51,9.91,15.0,53.48148528,-9.160028611,Level & Flow,178.00 km²,,True,plain_csv,1974-08-16T11:15:00+00:00,2026-08-09T23:30:00+00:00,18986.0,1822706.0,2017-01-01T00:00:00+00:00,2026-08-09T23:30:00+00:00,336767.0,1082.0,31:1581548; -1:120003; 101:64852; 254:33369; 41:13364,0.0,,,,,,wl_30002.csv,200820027.791,19
31075,Shannagurraun,OWENBOLISKEY,OWENBOLISKA CASHLA SCREEB COASTAL,WESTERN RBD,Owenboliska,31,31_6,Owenboliska_SC_010,106.16,85.17,1.25,True,False,True,ok,3507.0,98.87,8.2,5.29,15.0,53.27434528,-9.308306111,Level & Flow,85.17 km²,,True,plain_csv,1973-10-30T14:45:00+00:00,2026-08-09T23:30:00+00:00,19276.0,1850532.0,2017-01-01T00:00:00+00:00,2026-08-09T23:30:00+00:00,336767.0,3821.0,31:1472270; -1:142940; 101:141999; 41:40783; 254:27216,0.0,,,,,,wl_31075.csv,106164397.752,1
32060,Aasleagh Br,ERRIFF,ERRIFF,WESTERN RBD,Erriff,32,32_10,Erriff_SC_010,170.01,166.32,1.02,True,False,True,ok,3507.0,99.78,4.45,7.39,15.0,53.61774917,-9.671156667,Level & Flow,166.32 km²,,True,plain_csv,2003-02-24T09:15:00+00:00,2026-08-09T23:30:00+00:00,8567.0,822490.0,2017-01-01T00:00:00+00:00,2026-08-09T23:30:00+00:00,336767.0,750.0,31:678164; -1:71733; 32:37433; 254:24892; 42:7784,0.0,,,,,,wl_32060.csv,170008366.839,3
34124,Crossmolina U/S,DEEL [Crossmolina],MOY,WESTERN RBD,Deel[Crossmolina],34,34_14,Deel[Crossmolina]_SC_010,152.76,154.24,0.99,True,False,True,ok,2389.0,99.99,0.07,5.12,15.0,54.10004,-9.3193,Level,154.24 km²,,True,plain_csv,2020-01-24T13:00:00+00:00,2026-08-09T23:30:00+00:00,2389.0,229387.0,2020-01-24T13:00:00+00:00,2026-08-09T23:30:00+00:00,229387.0,16.0,31:161678; 151:26409; 32:18806; 254:11747; 156:10731,0.0,,,,,,wl_34124.csv,152761487.382,24
35004,Big Br,OWENMORE [Sligo],BALLYSADARE,WESTERN RBD,Owenmore[Sligo],35,35_7,Owenmore[Sligo]_SC_010,146.86,116.96,1.26,True,False,True,ok,3507.0,98.7,4.09,3.25,15.0,54.05928278,-8.511155556,Level & Historic Flow,116.96 km²,,True,plain_csv,2007-08-30T16:30:00+00:00,2026-08-09T23:30:00+00:00,6919.0,664253.0,2017-01-01T00:00:00+00:00,2026-08-09T23:30:00+00:00,336767.0,4373.0,31:519755; 32:104164; -1:28530; 254:10974; 101:825,0.0,,,,,,wl_35004.csv,146861188.911,9
36013,Derreskit,CULLIES,ERNE,NORTH WESTERN RBD,Cullies,36,36_19,Cullies_SC_010,182.73,168.06,1.09,True,False,True,ok,3507.0,98.66,7.14,12.77,15.0,54.01275778,-7.558754444,Level & Historic Flow,168.06 km²,,True,plain_csv,1990-01-01T08:00:00+00:00,2026-08-09T23:30:00+00:00,13369.0,1283487.0,2017-01-01T00:00:00+00:00,2026-08-09T23:30:00+00:00,336767.0,4497.0,31:791920; -1:314806; 254:68237; 99:53909; 32:39171,0.0,,,,,,wl_36013.csv,182734913.644,15
38010,Glenties,Stracashel,OWENEA,NORTH WESTERN RBD,Owenea,38,38_9,Owenea_SC_010,177.13,42.36,4.18,False,False,True,ok,2445.0,99.99,0.04,3.65,15.0,54.793407,-8.286056,Level & Flow,42.36 km²,,True,plain_csv,2019-11-29T11:45:00+00:00,2026-08-09T23:30:00+00:00,2445.0,234768.0,2019-11-29T11:45:00+00:00,2026-08-09T23:30:00+00:00,234768.0,27.0,31:226168; 254:8573; -1:27,0.0,,,,,,wl_38010.csv,177130683.27,2
39001,New Mills,SWILLY,SWILLY COASTAL,NORTH WESTERN RBD,Swilly,39,39_6,Swilly_SC_010,146.51,50.71,2.89,False,False,True,ok,3507.0,99.52,16.53,2.54,15.0,54.93111333,-7.817926111,Level & Flow,50.71 km²,,True,plain_csv,1973-01-01T00:00:00+00:00,2026-08-09T23:30:00+00:00,19578.0,1879583.0,2017-01-01T00:00:00+00:00,2026-08-09T23:30:00+00:00,336767.0,1613.0,31:1456098; -1:159072; 101:129151; 32:126427; 254:8606,0.0,,,,,,wl_39001.csv,146508611.625,4
40008,Ballyloskey,BALLYWILLY BROOK,Culdaff-Clomany-Donagh-Coastal,NORTH WESTERN RBD,Glennagannon,40,40_2,Glennagannon_SC_010,108.76,2.69,40.43,False,False,True,ok,2495.0,99.99,0.02,10.79,15.0,55.247114,-7.262751,Level & Flow,2.69 km²,,True,plain_csv,2019-10-10T15:30:00+00:00,2026-08-09T23:30:00+00:00,2495.0,239553.0,2019-10-10T15:30:00+00:00,2026-08-09T23:30:00+00:00,239553.0,18.0,31:194692; 254:25855; 32:18988; -1:18,0.0,,,,,,wl_40008.csv,108756965.857,1
