#Status,Station No.,Station,Water Body,Catchment,River Basin District,Catchment Area,Latitude,Longitude
Level & Flow,32060,Aasleagh Br,ERRIFF,ERRIFF,WESTERN RBD,166.32 km²,53.61774917,-9.671156667
Level & Flow,23048,Abbeydorney D/S,BRICK,FEALE,SHANNON RBD,8.37 km²,52.34722,-9.68818
Level & Flow,25003,Abington,MULKEAR,Shannon,SHANNON RBD,397.00 km²,52.63186778,-8.421220833
Level & Historic Flow,06026,Aclint,LAGAN (GLYDE),GLYDE,NEAGH BANN RBD,144.00 km²,53.92476528,-6.640019444
Level,24009,Adare Manor,MAIGUE,SHANNON ESTUARY,SHANNON RBD,839.72 km²,52.56441306,-8.7773675
Level,24062,Adare Quay,MAIGUE ESTUARY,SHANNON ESTUARY,SHANNON RBD,0.00 km²,52.56886722,-8.798123333
Level & Flow,29010,Aggard Br,AGGARD,Kilcogan,WESTERN RBD,45.00 km²,53.22081722,-8.743236389
Level & Flow,36022,Aghacashlaun,AGHACASHLAUN,ERNE,NORTH WESTERN RBD,27.00 km²,54.04731722,-7.926414167
Level & Flow,39009,Aghawoney,LEANNAN,LEANNAN,NORTH WESTERN RBD,207.00 km²,55.04378556,-7.720692778
Level & Historic Flow,18113,Ahane Br,OWENTARAGLIN,BLACKWATER [MUNSTER],SOUTH WESTERN RBD,76.82 km²,52.09607583,-9.132805278
Level & Flow,26140,Ahascragh Pump Hse,BUNOWEN,SHANNON,SHANNON RBD,100.35 km²,53.39263583,-8.3310025
Level,09369,Anglesea Road,Dodder,LIFFEY,EASTERN RBD,106.22 km²,53.327878,-6.230943
Level,30089,Angligham,L     CORRIB,CORRIB,WESTERN RBD,0.00 km²,53.31790861,-9.066215556
Level & Flow,36015,Anlore,FINN,FINN,NORTH WESTERN RBD,98.27 km²,54.177075,-7.177330833
Level & Flow,25001,Annacotty,MULKEAR,SHANNON,SHANNON RBD,646.00 km²,52.66927583,-8.529146944
Level,30083,Annaghdown Pier,L.    CORRIB,CORRIB,WESTERN RBD,0.00 km²,53.38703222,-9.076388333
Level & Flow,15001,Annamult,KINGS,NORE,SOUTH EASTERN RBD,443.00 km²,52.54845833,-7.199625
Level & Flow,16010,Anner,ANNER,SUIR,SOUTH EASTERN RBD,422.00 km²,52.381991,-7.62831999
Level & Historic Flow,18108,Araglin Br,ARAGLIN,BLACKWATER [MUNSTER],SOUTH WESTERN RBD,125.50 km²,52.16689528,-8.220864444
Level,15105,Archers Grove,NORE,SUIR,SOUTH EASTERN RBD,1689.00 km²,52.64154139,-7.217500556
Level & Historic Flow,20015,Ardcahan Br,BANDON,BANDON,SOUTH WESTERN RBD,97.08 km²,51.74913611,-9.097986667
Level,16155,Ardfinnan,SUIR,SUIR,SOUTH EASTERN RBD,1677.93 km²,52.309754,-7.878913
Level & Historic Flow,26020,Argar,CAMLIN,SHANNON ESTUARY,SHANNON RBD,122.44 km²,53.76379167,-7.726045833
Level & Flow,36018,Ashfield,DROMORE,ERNE,NORTH WESTERN RBD,233.00 km²,54.07216528,-7.121145556
Level,12063,Assaly,ASSALY ESTY,ASSALY ESTUARY,SOUTH EASTERN RBD,39.80 km²,52.27905389,-6.43554
Level,23051,Athea D/S,GALEY,FEALE,SHANNON RBD,36.30 km²,52.461378,-9.286944
Level & Flow,23052,Athea U/S,GALEY,FEALE,SHANNON RBD,36.30 km²,52.460679,-9.286718
Level & Flow,24005,Athlacca,MORNINGSTAR,MAIGUE,SHANNON RBD,131.95 km²,52.45876611,-8.651165833
Level & Flow,26027,Athlone,SHANNON,SHANNON,SHANNON RBD,4600.65 km²,53.42153389,-7.940756389
Level,26333,Athlone Weir U/S,SHANNON,SHANNON,SHANNON RBD,4703.00 km²,53.42289111,-7.9417775
Level & Flow,16001,Athlummon,DRISH,SUIR,SOUTH EASTERN RBD,140.00 km²,52.68610139,-7.739544167
Level & Flow,26406,Atteagh,Cross,SHANNON,SHANNON RBD,48.20 km²,53.457476,-8.06526799
Level & Flow,16005,Aughnagross,MULTEEN,SUIR,SOUTH EASTERN RBD,87.00 km²,52.52349611,-8.014062778
Level,25061,Ball's Br,ABBEY ESTY,Shannon-Estuary,SHANNON RBD,11689.00 km²,52.666448,-8.61883899
Level & Flow,19001,Ballea,OWENBOY,OWENBOY,SOUTH WESTERN RBD,106.00 km²,51.82208111,-8.4215625
Level,34061,Ballina,MOY ESTY,MOY,WESTERN RBD,1923.00 km²,54.11718417,-9.146781389
Level & Flow,14013,Ballinacarrig,BURREN,BARROW,SOUTH EASTERN RBD,155.00 km²,52.82426389,-6.898153889
Level & Flow,16006,Ballinaclogh,MULTEEN,SUIR,SOUTH EASTERN RBD,75.00 km²,52.51946889,-8.022296389
Level & Historic Flow,26104,Ballinalack,INNY,SHANNON,SHANNON RBD,666.00 km²,53.63141,-7.4747575
Level & Flow,26001,Ballinamore,SHIVEN,SHANNON,SHANNON RBD,230.00 km²,53.48978639,-8.366001667
Level,26355,Ballinasloe Old Channel,SUCK,SHANNON,SHANNON RBD,1428.26 km²,53.330403,-8.218688
Level,26402,Ballinasloe Rail Station,Derrymullen Stream,SUCK,WESTERN RBD,61.00 km²,53.336079,-8.239177
Level & Flow,26354,Ballinasloe Town,SUCK,Shannon,SHANNON RBD,1428.26 km²,53.3295,-8.21493
Level & Flow,19056,Ballincolly,Glen Tributary,LEE,SOUTH WESTERN RBD,3.65 km²,51.92285,-8.45611
Level,23063,Ballyard,LEE ESTY,LEE [TRALEE] TYSHE BIG COASTAL,SHANNON RBD,61.00 km²,52.2627675,-9.711964722
Level & Flow,01043,Ballybofey,FINN [Donegal],FINN,NORTH WESTERN RBD,319.00 km²,54.79976861,-7.790749444
Level & Flow,29021,Ballycahalan,BALLYCALAHAN,KINVARRA COASTAL,WESTERN RBD,47.68 km²,53.09939306,-8.752354167
Level & Flow,34007,Ballycarroon,DEEL [Crossmolina],MOY,WESTERN RBD,156.00 km²,54.08614,-9.344144444
Level & Flow,27002,Ballycorey,FERGUS,FERGUS,SHANNON RBD,562.00 km²,52.8700425,-8.974653889
Level,18119,Ballydahin,BLACKWATER [MUNSTER],BLACKWATER [MUNSTER],SOUTH WESTERN RBD,1190.19 km²,52.13139014,-8.65421144
Level & Flow,18002,Ballyduff,BLACKWATER [MUNSTER],BLACKWATER [MUNSTER],SOUTH WESTERN RBD,2338.00 km²,52.14434472,-8.051951667
Level & Flow,30007,Ballygaddy,CLARE,CORRIB,WESTERN RBD,458.00 km²,53.53082667,-8.874376667
Level & Historic Flow,35003,Ballygrania,UNSHIN,BALLYSADARE,WESTERN RBD,202.00 km²,54.18171889,-8.468384722
Level & Flow,25025,Ballyhooney,BALLYFINBOY,SHANNON,SHANNON RBD,182.79 km²,53.01445028,-8.205765556
Level & Flow,34004,Ballylahan,MOY,MOY,WESTERN RBD,935.50 km²,53.93794028,-9.102895
Level & Flow,15107,Ballylarkin,Nuenna,NORE,SOUTH EASTERN RBD,35.34 km²,52.735137,-7.41668299
Level & Flow,40008,Ballyloskey,BALLYWILLY BROOK,Culdaff-Clomany-Donagh-Coastal,NORTH WESTERN RBD,2.69 km²,55.247114,-7.262751
Level & Flow,25342,Ballymackeogh,MULKEAR,MULKEAR,SOUTH WESTERN RBD,98.80 km²,52.7073,-8.4406
Level & Flow,26021,Ballymahon,INNY,SHANNON,SHANNON RBD,1071.00 km²,53.56286722,-7.757922778
Level & Flow,19055,Ballymakera,Sullane,LEE,SOUTH WESTERN RBD,75.24 km²,51.934472,-9.146258
Level & Flow,23012,Ballymullen,LEE (KERRY),LEE [TRALEE] TYSHE BIG COASTAL,SHANNON RBD,60.00 km²,52.26005944,-9.691574722
Level & Flow,35001,Ballynacarrow,OWENMORE [Sligo],BALLYSADARE,WESTERN RBD,299.00 km²,54.14396972,-8.549059722
Level,12043,Ballynagee,HORSE RIVER,SLANEY,SOUTH EASTERN RBD,2.72 km²,52.326228,-6.48205199
Level & Historic Flow,35087,Ballynary,L.    ARROW,BALLYSADARE,WESTERN RBD,66.50 km²,54.06094,-8.30964999
Level & Flow,35005,Ballysadare,BALLYSADARE,BALLYSADARE,WESTERN RBD,642.30 km²,54.20919639,-8.509293889
Level & Flow,23045,Ballyseedy,LEE (KERRY),LEE [TRALEE] TYSHE BIG COASTAL,SHANNON RBD,31.93 km²,52.25618,-9.64171
Level & Historic Flow,19054,Ballyvourney,Sullane,LEE,SOUTH WESTERN RBD,71.59 km²,51.93931,-9.16104
Level & Flow,34013,Banada (Moy),MOY,MOY,WESTERN RBD,175.90 km²,54.03651944,-8.816832222
Level & Flow,26014,Banada Br (Lung),LUNG,Shannon-Estuary,SHANNON RBD,215.14 km²,53.89701361,-8.557030556
Level & Flow,25017,Banagher,SHANNON,SHANNON,SHANNON RBD,7989.00 km²,53.19378667,-7.993646667
Level & Flow,20001,Bandon,BANDON,BANDON,SOUTH WESTERN RBD,406.00 km²,51.74695444,-8.731538056
Level & Flow,21023,Bantry Library,MILL RIVER,COASTAL,SOUTH WESTERN RBD,2.63 km²,51.678456,-9.44923499
Level & Flow,25002,Barrington's Br,NEWPORT,SHANNON,SHANNON RBD,223.00 km²,52.64494583,-8.475033333
Level & Flow,14022,Barrow New Br,BARROW,BARROW,SOUTH EASTERN RBD,2050.50 km²,52.84613806,-6.931752222
Level & Flow,19108,Bawnafinny Bridge,BLARNEY,LEE,SOUTH WESTERN RBD,88.50 km²,51.93005,-8.58539
Level & Flow,16002,Beakstown,SUIR,SUIR,SOUTH EASTERN RBD,512.00 km²,52.64883889,-7.864804167
Level & Historic Flow,20016,Bealaboy Br,BANDON,BANDON,SOUTH WESTERN RBD,158.00 km²,51.70943583,-9.075758611
Level & Flow,26007,Bellagill,SUCK,SHANNON,SHANNON RBD,1184.00 km²,53.36168722,-8.238554167
Level & Flow,26009,Bellantra Br,BLACK [South Leitrim],SHANNON,SHANNON RBD,97.00 km²,53.85440056,-7.805156667
Level & Flow,36019,Belturbet,ERNE,ERNE,NORTH WESTERN RBD,1501.00 km²,54.09795806,-7.450869167
Level & Historic Flow,35004,Big Br,OWENMORE [Sligo],BALLYSADARE,WESTERN RBD,116.96 km²,54.05928278,-8.511155556
Level & Flow,35002,Billa Br,OWENBEG,BALLYSADARE,WESTERN RBD,81.15 km²,54.17926583,-8.553355556
Level & Flow,24053,Blackabbey,Adare River,Shannon-Estuary,SOUTH WESTERN RBD,3.04 km²,52.567713,-8.79192199
Level,07037,Blackcastle,BOYNE,BOYNE,EASTERN RBD,735.00 km²,53.65469667,-6.680586111
Level & Flow,15050,Blackfriar's Br,BREAGAGH [KILKENNY],NORE,SOUTH EASTERN RBD,71.04 km²,52.654644,-7.258209
Level & Flow,19058,Blackpool Retail Pk,Bride (Cork),LEE,SOUTH WESTERN RBD,10.76 km²,51.91658,-8.47343
Level,26074,Blackrock Lock,L.    ALLEN,Shannon,SHANNON RBD,442.10 km²,54.048448,-8.05076799
Level,23062,Blennerville,LEE ESTY,LEE [TRALEE] TYSHE BIG COASTAL,SHANNON RBD,98.00 km²,52.25789889,-9.735782222
Level & Flow,11001,Boleany,OWENAVORRAGH,OWENAVORRAGH,SOUTH EASTERN RBD,148.00 km²,52.64369028,-6.270794167
Level & Historic Flow,26004,Bookala,ISLAND,SHANNON,SHANNON RBD,136.00 km²,53.70559278,-8.512283611
Level & Historic Flow,14003,Borness,BARROW,SUIR,SOUTH EASTERN RBD,276.00 km²,53.13224944,-7.308428889
Level & Flow,15008,Borris-In-Ossory,NORE,BARROW,SOUTH EASTERN RBD,115.50 km²,52.94309056,-7.644112778
Level & Flow,16158,Borrisoleigh,Cromoge,SUIR,SOUTH EASTERN RBD,11.00 km²,52.757323,-7.97084899
Level & Flow,26108,Boyle Abbey Br,BOYLE,SHANNON,SHANNON RBD,533.00 km²,53.97283889,-8.296673056
Level & Flow,07007,Boyne Aqueduct,BOYNE,BOYNE,EASTERN RBD,441.18 km²,53.45313722,-6.958843611
Level & Flow,25301,Bracknagh Br,CLODIAGH RIVER,Shannon,SHANNON RBD,26.85 km²,53.18079694,-7.504752222
Level & Flow,36042,Breffni Park,Cavan River,ERNE,NORTH WESTERN RBD,58.53 km²,53.982018,-7.361984
Level & Historic Flow,21020,Bridge Street,Finnihy,INNY,SOUTH WESTERN RBD,31.47 km²,51.88108,-9.58579
Level & Flow,08008,Broadmeadow,BROADMEADOW,BROADMEADOW,EASTERN RBD,108.20 km²,53.47492167,-6.231774722
Level & Flow,15006,Brownsbarn,NORE,NORE,SOUTH EASTERN RBD,2388.00 km²,52.50076972,-7.091699722
Level & Flow,24004,Bruree,MAIGUE,MAIGUE,SHANNON RBD,242.00 km²,52.42322472,-8.660843889
Level & Historic Flow,26358,Bunowen Bridge,BUNOWEN,SUCK,SHANNON RBD,136.32 km²,53.350497,-8.253343
Level & Historic Flow,06025,Burley,DEE,DEE,NEAGH BANN RBD,175.98 km²,53.8480375,-6.594340833
Level & Flow,39018,Burnfoot Pumping Station,Burnfoot,Burnfoot,NORTH WESTERN RBD,16.86 km²,55.063793,-7.37533999
Level & Historic Flow,30082,Burriscara,L.    CARRA,CORRIB,WESTERN RBD,109.17 km²,53.73291167,-9.249068889
Level & Flow,36010,Butlers Br,ANNALEE,ERNE,NORTH WESTERN RBD,774.00 km²,54.04187944,-7.377087778
Level & Flow,16009,Caher Park,SUIR,SUIR,SOUTH EASTERN RBD,1602.00 km²,52.35767333,-7.922936944
Level,30081,Caher Pier,L.    MASK,CORRIB,WESTERN RBD,0.00 km²,53.61098694,-9.299348889
Level & Flow,29014,Caherfinesker,LAVALLY,CLARIN,WESTERN RBD,83.81 km²,53.26558472,-8.790411389
Level & Flow,15009,Callan,KINGS,SUIR,SOUTH EASTERN RBD,201.00 km²,52.54510056,-7.388463056
Level & Flow,03058,Cappog Br,BLACKWATER [MONAGHAN],BLACKWATER [MONAGHAN],NEAGH BANN RBD,65.00 km²,54.26680861,-7.021296944
Level,14001,Carlow,BARROW,BARROW,SOUTH EASTERN RBD,2241.00 km²,52.83422444,-6.938009444
Level & Flow,26409,Carnagh East,STREAM,SHANNON,SHANNON RBD,,53.496471,-8.01937299
Level & Historic Flow,27004,Carnelly,MANUS,FERGUS,SHANNON RBD,15.86 km²,52.80847778,-8.936796667
Level,16062,Carrick On Suir,SUIR ESTY,SUIR,SOUTH EASTERN RBD,2775.00 km²,52.34410389,-7.410373611
Level & Historic Flow,26324,Carrick-On-Shannon,SHANNON,SHANNON,SHANNON RBD,1301.21 km²,53.94320444,-8.0958
Level,19095,Carrigadrohid Headrace,LEE,LEE,SOUTH WESTERN RBD,617.15 km²,51.89700912,-8.86418388
Level & Flow,19114,Carrigrohane Bridge,Curragheen,LEE,SOUTH WESTERN RBD,46.40 km²,51.889797,-8.540992
Level & Flow,30017,Carrownagower,CONG CANAL,CORRIB,WESTERN RBD,0.00 km²,53.57355667,-9.289988889
Level & Historic Flow,30001,Cartronbower,AILLE [MAYO],CORRIB,WESTERN RBD,121.02 km²,53.74296694,-9.312859444
Level,18105,Castlelands,BLACKWATER [MUNSTER],BLACKWATER [MUNSTER],SOUTH WESTERN RBD,1209.00 km²,52.13470525,-8.62286074
Level,22061,Castlemaine,MAINE ESTY,MAINE,SOUTH WESTERN RBD,348.00 km²,52.167595,-9.70277
Level & Flow,07003,Castlerickard,BLACKWATER (ENFIELD),BOYNE,EASTERN RBD,181.51 km²,53.48552444,-6.92185
Level & Flow,24008,Castleroberts,MAIGUE,SHANNON,SHANNON RBD,805.00 km²,52.54344083,-8.767416389
Level & Flow,18102,Castletownroche Weir,AWBEG,BLACKWATER [MUNSTER],SOUTH WESTERN RBD,344.92 km²,52.17369972,-8.46025
Level & Flow,14120,Chapel Street,POUND,SUIR,SOUTH EASTERN RBD,13.16 km²,53.119556,-7.337111
Level,34123,Chapel View,DEEL [Crossmolina],MOY,WESTERN RBD,154.09 km²,54.09638,-9.3208
Level & Flow,06013,Charleville Weir,DEE,DEE,NEAGH BANN RBD,307.00 km²,53.85584278,-6.413995833
Level & Flow,18111,Church Street,DALUA,BLACKWATER [MUNSTER],SOUTH WESTERN RBD,139.77 km²,52.17876639,-8.910823333
Level & Flow,06012,Clarebane,FANE,FANE,NEAGH BANN RBD,163.00 km²,54.09285639,-6.666055833
Level,27065,Clarecastle Barrage D/S,FERGUS ESTY,SHANNON,SHANNON RBD,625.58 km²,52.817269,-8.96285399
Level,27064,Clarecastle Barrage U/S,FERGUS ESTY,SHANNON,SHANNON RBD,625.58 km²,52.817327,-8.96287999
Level,27068,Clarecastle Br,FERGUS,SHANNON,SHANNON RBD,625.58 km²,52.81539694,-8.961536389
Level & Flow,25029,Clarianna,NENAGH,SHANNON,SHANNON RBD,292.67 km²,52.89162278,-8.207709722
Level & Flow,29004,Clarinbridge,CLARINBRIDGE,Galway Bay South East,WESTERN RBD,123.00 km²,53.22934167,-8.874782778
Level & Flow,18114,Clashmorgan,LYRE,BLACKWATER [MUNSTER],SOUTH WESTERN RBD,20.27 km²,52.08298722,-8.681001111
Level & Flow,16051,Clobanna,ROSSESTOWN,SUIR,SOUTH EASTERN RBD,34.19 km²,52.71583139,-7.791764444
Level & Flow,20019,Clonakilty,FEALGE,BANDON,SOUTH WESTERN RBD,21.20 km²,51.62263447,-8.89423527
Level & Flow,14004,Clonbulloge,FIGILE,BARROW,SOUTH EASTERN RBD,268.00 km²,53.25865583,-7.086853611
Level & Flow,38001,Clonconwal,OWENEA,OWENEA,NORTH WESTERN RBD,109.00 km²,54.78170583,-8.365278056
Level & Flow,09112,Clonee Weir,TOLKA,LIFFEY,EASTERN RBD,68.53 km²,53.41088806,-6.43245192
Level & Flow,16011,Clonmel,SUIR,SUIR,SOUTH EASTERN RBD,2143.97 km²,52.35152528,-7.694598056
Level & Historic Flow,25309,Clonsingle Br,ANNAGH,SHANNON ESTUARY,SHANNON RBD,66.64 km²,52.68508066,-8.4319945
Level & Flow,34010,Cloonacannana,MOY,MOY,WESTERN RBD,484.49 km²,53.967397,-8.930447
Level,30084,Cong Pier,L.    CORRIB,CORRIB,WESTERN RBD,893.00 km²,53.53059222,-9.275411667
Level & Flow,30031,Cong Weir,CONG,CORRIB,WESTERN RBD,891.00 km²,53.53859889,-9.28876
Level & Flow,19106,Cooldaniel,LEE,LEE,SOUTH WESTERN RBD,171.54 km²,51.85761,-9.02229
Level & Flow,19110,Cooleen Bridge,TOON,LEE,SOUTH WESTERN RBD,29.97 km²,51.871,-9.07412
Level & Flow,19112,Coolmucky Bridge,Bride (Cork),LEE,SOUTH WESTERN RBD,70.21 km²,51.86084,-8.783723
Level & Flow,14123,Coolroe,DUISKE,BARROW,SOUTH EASTERN RBD,10.88 km²,52.5472,-6.9917
Level & Flow,26015,Corrascoffy,ESLIN,SHANNON ESTUARY,SHANNON RBD,59.47 km²,53.88674,-7.918775
Level & Flow,30004,Corrofin (Clare),CLARE,CORRIB,WESTERN RBD,695.00 km²,53.43755722,-8.863839167
Level & Historic Flow,27003,Corrofin (Fergus),FERGUS,FERGUS,SHANNON RBD,166.42 km²,52.94376222,-9.061918889
Level,34083,Corryosla,L.    CONN,MOY,WESTERN RBD,0.00 km²,53.98538917,-9.227888611
Level,19113,County Hall,Curragheen,LEE,SOUTH WESTERN RBD,47.62 km²,51.892643,-8.509638
Level & Flow,29007,Craughwell,DUNKELLIN,DUNKELLIN,WESTERN RBD,278.00 km²,53.22788724,-8.73639511
Level & Historic Flow,30034,Cregaree,CONG CANAL,CORRIB,WESTERN RBD,887.66 km²,53.54568139,-9.289412778
Level & Flow,25021,Croghan,LITTLE BROSNA,SHANNON,SHANNON RBD,493.00 km²,53.10174167,-7.920461944
Level & Flow,24001,Croom,MAIGUE,MAIGUE,SHANNON RBD,770.36 km²,52.51922417,-8.718468611
Level,34119,Crossmolina,DEEL [Crossmolina],MOY,WESTERN RBD,154.16 km²,54.10011828,-9.31909478
Level,34124,Crossmolina U/S,DEEL [Crossmolina],MOY,WESTERN RBD,154.24 km²,54.10004,-9.3193
Level,34121,Crossmolina Weir D/S,DEEL [Crossmolina],MOY,WESTERN RBD,153.95 km²,54.0932731,-9.3231349
Level & Historic Flow,34120,Crossmolina Weir U/S,DEEL [Crossmolina],MOY,WESTERN RBD,154.00 km²,54.093213,-9.3249622
Level & Historic Flow,13081,Cull Pump House,BALLYTEIGE LAGOON,COASTAL,SOUTH EASTERN RBD,22.00 km²,52.20454361,-6.629580556
Level & Flow,25213,Culleen Fish Farm,BROSNA,SHANNON,SHANNON RBD,33.60 km²,53.549125,-7.351569167
Level & Flow,26075,Cuppanagh,L.    GARA,SHANNON,SHANNON RBD,495.00 km²,53.95833306,-8.406193056
Level & Flow,26407,Curraghboy,Cross,SHANNON,SHANNON RBD,32.80 km²,53.478241,-8.10817599
Level & Flow,20002,Curranure,BANDON,BANDON,SOUTH WESTERN RBD,431.00 km²,51.76523222,-8.682671667
Level & Flow,34009,Curraughbonaun,OWENGARVE,MOY,WESTERN RBD,117.11 km²,54.01308139,-8.834876667
Level & Flow,14009,Cushina,CUSHINA,BARROW,SOUTH EASTERN RBD,68.00 km²,53.19432139,-7.174493056
Level & Flow,30098,Dangan,CORRIB,CORRIB,WESTERN RBD,3091.00 km²,53.29616944,-9.0765925
Level & Flow,24011,Deel Br,DEEL,SHANNON ESTUARY,SHANNON RBD,281.25 km²,52.44214472,-9.031112778
Level & Flow,26357,Deerpark Bridge,Derrymullan Stream,SUCK,SHANNON RBD,57.25 km²,53.33889,-8.261261
Level & Historic Flow,36013,Derreskit,CULLIES,ERNE,NORTH WESTERN RBD,168.06 km²,54.01275778,-7.558754444
Level & Historic Flow,32013,Derrinkee,DERRYCRAFF,ERRIFF,WESTERN RBD,48.32 km²,53.67494806,-9.546361667
Level,26093,Derry Bay (L. Ree),L.    REE,SHANNON,SHANNON RBD,0.00 km²,53.55610806,-7.849053333
Level & Flow,14007,Derrybrock,STRADBALLY,SUIR,SOUTH EASTERN RBD,115.00 km²,53.03905167,-7.085032222
Level & Flow,26005,Derrycahill,SUCK,SHANNON,SHANNON RBD,1050.00 km²,53.43176389,-8.262761667
Level,26352,Derryholmes d/s,SHANNON,Shannon,SHANNON RBD,6690.02 km²,53.24395994,-7.99395353
Level,26351,Derryholmes u/s,SHANNON,SHANNON,SHANNON RBD,6689.49 km²,53.24801241,-8.0003645
Level & Flow,15003,Dinin Br,DININ,SUIR,SOUTH EASTERN RBD,298.00 km²,52.715345,-7.291780833
Level & Flow,28002,Doonbeg,DOONBEG,DOONBEG,SHANNON RBD,136.00 km²,52.72837278,-9.521525278
Level,27060,Doora Br,FERGUS,SHANNON ESTUARY,SHANNON RBD,608.77 km²,52.83877806,-8.967172222
Level & Flow,18005,Downing Br,FUNSHION,BLACKWATER [MUNSTER],SOUTH WESTERN RBD,378.59 km²,52.16853417,-8.258959722
Level & Flow,19107,Dripsey Bridge,Dripsey,LEE,SOUTH WESTERN RBD,82.17 km²,51.915989,-8.746053
Level & Flow,35011,Dromahair,BONET,GARVOGUE,WESTERN RBD,294.00 km²,54.22705861,-8.299486667
Level,26089,Drumsna,SHANNON,SHANNON,SHANNON RBD,1389.62 km²,53.92314444,-8.008172778
Level & Flow,08011,Duleek D/S,NANNY,NANNY,EASTERN RBD,181.00 km²,53.65618444,-6.407709444
Level & Flow,19116,Dungourney Bridge,Dungourney,Owennacurra,SOUTH WESTERN RBD,21.30 km²,51.967773,-8.09837799
Level & Flow,15005,Durrow Foot Br,ERKINA,NORE,SOUTH EASTERN RBD,379.50 km²,52.84706417,-7.397986667
Level,12061,Edermine Br,SLANEY,SLANEY,SOUTH EASTERN RBD,5.54 km²,52.45409389,-6.562578056
Level & Flow,27066,Ennis Br,FERGUS ESTY,FERGUS,SHANNON RBD,58.32 km²,52.84667389,-8.981789444
Level & Flow,12002,Enniscorthy,SLANEY,SLANEY,SOUTH EASTERN RBD,1319.92 km²,52.50230694,-6.566852222
Level & Flow,28001,Ennistimon,INAGH,INAGH,SHANNON RBD,169.53 km²,52.938687,-9.293853
Level,25340,Fairyhill,STREAM,SHANNON,SHANNON RBD,0.00 km²,53.094038,-8.20259699
Level & Flow,25006,Ferbane,BROSNA,SHANNON,SHANNON RBD,1207.00 km²,53.2699375,-7.828063056
Level & Flow,18107,Fermoy Br D/S,BLACKWATER [MUNSTER],BLACKWATER [MUNSTER],SOUTH WESTERN RBD,1750.00 km²,52.13955054,-8.27539831
Level,18106,Fermoy Br U/S,BLACKWATER [MUNSTER],BLACKWATER [MUNSTER],SOUTH WESTERN RBD,1749.22 km²,52.13856806,-8.276633611
Level,18117,Fermoy Mill,BLACKWATER [MUNSTER],BLACKWATER [MUNSTER],SOUTH WESTERN RBD,1750.18 km²,52.1397198,-8.27195591
Level,18124,Fermoy U/S Rowing,BLACKWATER [MUNSTER],BLACKWATER [MUNSTER],SOUTH WESTERN RBD,1767.00 km²,52.138457,-8.27956099
Level,23061,Ferry Br (Feale),FEALE ESTY,FEALE,SHANNON RBD,1117.00 km²,52.46900083,-9.633367222
Level,24061,Ferry Br (Maigue),MAIGUE ESTUARY,SHANNON,SHANNON RBD,0.00 km²,52.62122556,-8.764818333
Level,12064,Ferrycarrig Br,SLANEY,SLANEY,SOUTH EASTERN RBD,0.00 km²,52.35083694,-6.511451944
Level,19162,Fitzgerald's Park,LEE,LEE,SOUTH WESTERN RBD,1185.00 km²,51.896472,-8.498278
Level & Flow,22006,Flesk Br,FLESK(LAUNE),LAUNE,SOUTH WESTERN RBD,325.00 km²,52.04803417,-9.497946944
Level,36171,Folies Br,L. ERNE UPPER,ERNE,NORTH WESTERN RBD,1520.00 km²,54.1387075,-7.436896111
Level & Historic Flow,35029,Four Masters Br,DROWES,DROWES,WESTERN RBD,104.58 km²,54.459445,-8.260686389
Level & Flow,16013,Fourmilewater,NIRE,SUIR,SOUTH EASTERN RBD,91.00 km²,52.27379944,-7.756046111
Level & Flow,30005,Foxhill,ROBE,CORRIB,WESTERN RBD,250.00 km²,53.6581725,-9.154239722
Level & Flow,18019,Fr Murphy's Br,GLEN,BLACKWATER [MUNSTER],SOUTH WESTERN RBD,73.12 km²,52.12074139,-8.889025278
Level & Flow,07006,Fyanstown,MOYNALTY,BOYNE,EASTERN RBD,188.00 km²,53.72582306,-6.802883056
Level,30099,Galway Barrage,CORRIB,CORRIB,WESTERN RBD,3110.00 km²,53.27799361,-9.056271944
Level,30097,Galway Barrage D/S,CORRIB,CORRIB,WESTERN RBD,3135.40 km²,53.276276,-9.05644
Level & Flow,26404,Garrycastle,Al,SHANNON,SHANNON RBD,1.01 km²,53.419832,-7.885815
Level & Flow,39008,Gartan Br,LEANNAN,LEANNAN,NORTH WESTERN RBD,77.39 km²,55.00025333,-7.894476111
Level,18053,Glandalane,BLACKWATER [MUNSTER],BLACKWATER [MUNSTER],SOUTH WESTERN RBD,2275.00 km²,52.14981139,-8.220838333
Level & Flow,03055,Glaslough,MOUNTAIN WATER,BLACKWATER [MONAGHAN],NEAGH BANN RBD,72.00 km²,54.32328083,-6.894343889
Level & Flow,16157,Gleann Beag,Glen,SUIR,SOUTH EASTERN RBD,8.10 km²,52.271401,-7.81088799
Level & Flow,19057,Glen Park,GLEN,LEE,SOUTH WESTERN RBD,7.85 km²,51.91294,-8.45212
Level & Flow,18024,Glenavuddig Br,FUNSHION,BLACKWATER [MUNSTER],SOUTH WESTERN RBD,248.89 km²,52.24857052,-8.405723056
Level & Flow,19059,Glennamought Br,Glen Tributary,LEE,SOUTH WESTERN RBD,17.41 km²,51.929203,-8.477429
Level & Flow,38010,Glenties,Stracashel,OWENEA,NORTH WESTERN RBD,42.36 km²,54.793407,-8.286056
Level & Flow,34011,Gneeve Br,MANULLA,MOY,WESTERN RBD,144.00 km²,53.86394667,-9.181784167
Level & Flow,29025,Gort 1B,STREAM,KINVARRA COASTAL,WESTERN RBD,13.27 km²,53.058571,-8.890456
Level & Flow,24100,Gortboy Hotel,DEEL,SHANNON,SHANNON RBD,39.87 km²,52.44866611,-9.050871111
Level & Flow,29020,Gortmackan,STREAM,Galway Bay South East,WESTERN RBD,34.54 km²,53.18355667,-8.642417778
Level,34082,Gortnaraby,L.    CONN,MOY,WESTERN RBD,0.00 km²,54.09336333,-9.298325556
Level & Flow,19045,Gothic Br,BLARNEY,LEE,SOUTH WESTERN RBD,22.40 km²,51.92805667,-8.558214444
Level & Flow,25027,Gourdeen,OLLATRIM,SHANNON,SHANNON RBD,118.00 km²,52.86841167,-8.168575
Level & Flow,14029,Graiguenamanagh U/S,BARROW,BARROW,SOUTH EASTERN RBD,2762.00 km²,52.54075444,-6.950884444
Level & Flow,24012,Grange Br,DEEL,SHANNON ESTUARY,SHANNON RBD,366.28 km²,52.4628125,-9.018853889
Level & Flow,24002,Gray's Br,CAMOGE,MAIGUE,SHANNON RBD,231.00 km²,52.51298806,-8.619798056
Level & Historic Flow,25012,Groody Br,GROODY,SHANNON,SHANNON RBD,65.00 km²,52.66475972,-8.583883056
Level & Flow,16159,Grove,Clashawley,SUIR,SOUTH EASTERN RBD,158.00 km²,52.458936,-7.67035299
Level & Flow,09109,Haynestown,HAYNESTOWN,LIFFEY,EASTERN RBD,9.50 km²,53.21669795,-6.59351873
Level & Historic Flow,09111,Hazelhatch,HAZELHATCH,LIFFEY,EASTERN RBD,1.02 km²,53.330431,-6.529406
Level,26088,Hodson's Bay,L.    REE,Shannon,SHANNON RBD,4588.38 km²,53.46740667,-7.987295
Level & Flow,27001,Inch Br (Claureen),CLAUREEN,SHANNON,SHANNON RBD,48.00 km²,52.82529139,-9.036241944
Level & Flow,23001,Inch Br (Galey),GALEY,FEALE,SHANNON RBD,192.00 km²,52.46805194,-9.534399444
Level,19094,Inniscarra Headrace,LEE,LEE,SOUTH WESTERN RBD,786.52 km²,51.900141,-8.661891
Level & Flow,19109,Inniscarra Tailrace,LEE,LEE,SOUTH WESTERN RBD,791.14 km²,51.89202,-8.63343
Level,36084,Innisconnell Pier,L.    OUGHTER,ERNE,NORTH WESTERN RBD,592.00 km²,54.01697361,-7.458314167
Level & Flow,26085,Jamestown,SHANNON,SHANNON,SHANNON RBD,1379.00 km²,53.92306028,-8.030334444
Level,26401,Jamestown Weir D/S,SHANNON,SHANNON,SHANNON RBD,1379.89 km²,53.928884,-8.03074
Level,26359,Jamestown Weir U/S,SHANNON,SHANNON,SHANNON RBD,1379.89 km²,53.928953,-8.030268
Level & Flow,15002,John's Br (Nore),NORE,NORE,SOUTH EASTERN RBD,1605.00 km²,52.65339167,-7.250432778
Level & Flow,26008,Johnston's Br,RINN,SHANNON,SHANNON RBD,292.00 km²,53.82777028,-7.862745833
Level & Flow,18115,Jordans Br,CLYDAGH [Cork],BLACKWATER [MUNSTER],SOUTH WESTERN RBD,67.93 km²,52.07804806,-8.625178889
Level,16147,Joyce's Lane,SUIR,SUIR,SOUTH EASTERN RBD,2140.59 km²,52.35155588,-7.70670506
Level & Flow,18112,Keale Br,BLACKWATER [MUNSTER],BLACKWATER [MUNSTER],SOUTH WESTERN RBD,322.00 km²,52.089673,-9.028653
Level,34114,Keenagh Deel Br,DEEL [Crossmolina],MOY,WESTERN RBD,65.00 km²,54.08130375,-9.514569457
Level & Flow,19115,Kilamucky,Kilta,LEE,SOUTH WESTERN RBD,21.09 km²,51.929182,-8.05982899
Level & Historic Flow,15007,Kilbricken,NORE,BARROW,SOUTH EASTERN RBD,339.76 km²,52.95925167,-7.461605556
Level & Flow,18110,Kilbrin Road,ALLOW,BLACKWATER [MUNSTER],SOUTH WESTERN RBD,123.47 km²,52.17898944,-8.904015556
Level & Flow,29011,Kilcolgan,DUNKELLIN,Kilcogan,WESTERN RBD,373.00 km²,53.21410944,-8.871328889
Level,29022,Kilcrimple,BEAGH,KINVARRA COASTAL,WESTERN RBD,10.92 km²,53.04550743,-8.73926398
Level & Flow,19111,Killaclug,Foherish,LEE,SOUTH WESTERN RBD,74.83 km²,51.911624,-9.02315
Level,29023,Killafeen,OWENDAIULLOEG,KINVARRA COASTAL,WESTERN RBD,89.61 km²,53.02323944,-8.76927
Level & Historic Flow,16007,Killardry,AHERLOW,SUIR,SOUTH EASTERN RBD,273.35 km²,52.41727611,-7.975713611
Level & Flow,09108,Killashee,Broadfield,LIFFEY,EASTERN RBD,16.00 km²,53.19459943,-6.67240854
Level & Flow,18003,Killavullen,BLACKWATER [MUNSTER],BLACKWATER [MUNSTER],SOUTH WESTERN RBD,1258.00 km²,52.14919833,-8.515394444
Level & Flow,25020,Killeen,KILLIMOR,SHANNON,SHANNON RBD,197.00 km²,53.149715,-8.303336111
Level & Flow,21021,Killowen,KEELNAGOWER,FINNIHY,SOUTH WESTERN RBD,2.75 km²,51.884792,-9.577407
Level,36083,Killykeen Forest Park,L.   OUGHTER,ERNE,NORTH WESTERN RBD,592.00 km²,54.007865,-7.470649444
Level & Flow,07002,Killyon,DEEL [Raharney],BOYNE,EASTERN RBD,285.00 km²,53.48777083,-6.970770833
Level & Flow,36020,Killywillin,BLACKWATER [NEWTOWNGORE],ERNE,NORTH WESTERN RBD,93.40 km²,54.08032667,-7.691128333
Level & Flow,26022,Kilmore,FALLAN,SHANNON ESTUARY,SHANNON RBD,61.88 km²,53.71025667,-7.872534167
Level & Flow,19044,Kilnamona Br,MARTIN,LEE,SOUTH WESTERN RBD,39.59 km²,51.98953389,-8.5885725
Level & Flow,26408,Kiltoom Stream,STREAM,SHANNON,SHANNON RBD,,53.493835,-8.03516899
Level & Flow,36021,Kiltybardan,YELLOW,ERNE,NORTH WESTERN RBD,23.00 km²,54.05727611,-7.860888333
Level & Flow,34125,Knockanelo,Scruffaunbrogue,MOY,WESTERN RBD,6.58 km²,54.122681,-9.16127299
Level,34122,Knockglass House,DEEL [Crossmolina],MOY,WESTERN RBD,186.21 km²,54.12468,-9.29981
Level & Historic Flow,16139,Knocklofty,SUIR,SUIR,SOUTH EASTERN RBD,2105.50 km²,52.33673361,-7.789266111
Level,27025,Knox's Br,FERGUS,SHANNON ESTUARY,SHANNON RBD,58.74 km²,52.84817889,-8.972516667
Level,13070,Lady's Island,LADY'S ISLAND LAKE,COASTAL,SOUTH EASTERN RBD,0.00 km²,52.21100444,-6.383141111
Level & Flow,35071,Lareen,L.    MELVIN,DROWES,NORTH WESTERN RBD,101.77 km²,54.45230111,-8.240013611
Level & Flow,22035,Laune Br,LAUNE,LAUNE,SOUTH WESTERN RBD,559.70 km²,52.06154972,-9.617092222
Level & Flow,09001,Leixlip,RYEWATER,LIFFEY,EASTERN RBD,215.00 km²,53.36866472,-6.490438611
Level & Flow,14019,Levitstown,BARROW,BARROW,SOUTH EASTERN RBD,1660.00 km²,52.93537778,-6.949797222
Level & Flow,07010,Liscartan,BLACKWATER (KELLS),BOYNE,EASTERN RBD,717.00 km²,53.66326861,-6.7203325
Level,19119,Lisgoold Bridge,Owennacurra,Owennacurra,SOUTH WESTERN RBD,48.25 km²,51.971604,-8.21581499
Level & Flow,23044,Lisloose,BALLOONAGH,LEE [TRALEE] TYSHE BIG COASTAL,SHANNON RBD,1.79 km²,52.288343,-9.699101
Level & Flow,23002,Listowel,FEALE,FEALE,SHANNON RBD,646.00 km²,52.44265528,-9.475689167
Level & Historic Flow,18109,Lombardstown Br,BLACKWATER [MUNSTER],BLACKWATER [MUNSTER],SOUTH WESTERN RBD,970.00 km²,52.12261472,-8.783208889
Level,26087,Lomcloon,L.    GARA,Shannon,SHANNON RBD,470.00 km²,53.92467278,-8.467148889
Level & Flow,20008,Long Br Dunmanway,BANDON,BANDON,SOUTH WESTERN RBD,104.10 km²,51.72469917,-9.097886944
Level,26082,Lough Derravaragh,L.    DERRAVARAGH,Shannon,SHANNON RBD,600.00 km²,53.61131583,-7.30328
Level,26079,Lough Rinn,LOUGH RINN,Shannon,SHANNON RBD,165.26 km²,53.89398889,-7.851743889
Level & Flow,26243,Lysterfield,STREAM,SHANNON,SHANNON RBD,9.00 km²,53.509258,-8.12438099
Level & Flow,19101,Macroom Town Bridge,Sullane,LEE,SOUTH WESTERN RBD,211.01 km²,51.906031,-8.962501
Level & Flow,18055,Mallow Railway Br,BLACKWATER [MUNSTER],BLACKWATER [MUNSTER],SOUTH WESTERN RBD,1178.00 km²,52.13112457,-8.65671929
Level,18057,Mallow Town Br D/S,BLACKWATER [MUNSTER],BLACKWATER [MUNSTER],SOUTH WESTERN RBD,1178.00 km²,52.1322175,-8.641036667
Level,18056,Mallow Town Br U/S,BLACKWATER [MUNSTER],BLACKWATER [MUNSTER],SOUTH WESTERN RBD,1178.00 km²,52.13234,-8.641607778
Level & Flow,14121,Manor Road,POUND,BARROW,SOUTH EASTERN RBD,12.12 km²,53.115639,-7.338889
Level & Flow,23049,Manor West,Ballybeggan,LEE [TRALEE] TYSHE BIG COASTAL,SHANNON RBD,12.03 km²,52.26334,-9.6757
Level & Flow,06021,Mansfieldstown,GLYDE,GLYDE,NEAGH BANN RBD,321.00 km²,53.89660361,-6.444490556
Level,16073,Marlfield Reservoir,Marfield Lake,SUIR,SOUTH EASTERN RBD,18.72 km²,52.349257,-7.747831
Level & Flow,15004,Mcmahons Br,NORE,NORE,SOUTH EASTERN RBD,491.00 km²,52.86702444,-7.379327222
Level,25056,Meelick Weir U/S,SHANNON,SHANNON,SHANNON RBD,1514.90 km²,53.17607972,-8.076067778
Level & Flow,19117,Midleton Town Park,Dungourney,Owennacurra,SOUTH WESTERN RBD,52.14 km²,51.913101,-8.16597499
Level & Flow,34014,Mill Br (Clydagh),CLYDAGH,MOY,WESTERN RBD,52.85 km²,53.90906889,-9.184441944
Level & Flow,25014,Millbrook,SILVER,SHANNON ESTUARY,SHANNON RBD,164.42 km²,53.21954639,-7.797950278
Level & Historic Flow,25023,Milltown,LITTLE BROSNA,SHANNON ESTUARY,SHANNON RBD,113.86 km²,52.96926028,-7.897308611
Level & Flow,18001,Mogeely,BRIDE [Waterford],BLACKWATER [MUNSTER],SOUTH WESTERN RBD,335.00 km²,52.09955722,-8.064303333
Level,23068,Moneycashen,FEALE ESTY,FEALE,SHANNON RBD,0.00 km²,52.48275028,-9.680923333
Level,07062,Mornington Br,Mornington,BOYNE ESTUARY,EASTERN RBD,0.00 km²,53.71942667,-6.254402778
Level & Flow,19104,Morris's Bridge,Laney,LEE,SOUTH WESTERN RBD,82.11 km²,51.92933,-8.93616
Level & Flow,15011,Mount Juliet,NORE,NORE,SOUTH EASTERN RBD,2315.50 km²,52.53125111,-7.189298889
Level,26083,Mount Nugent,L.    SHEELIN,Shannon,SHANNON RBD,256.00 km²,53.82095194,-7.283101944
Level & Flow,06011,Moyles Mill,FANE,FANE,NEAGH BANN RBD,230.00 km²,54.01157444,-6.596077222
Level & Historic Flow,25011,Moystown,BROSNA,SHANNON,SHANNON RBD,1227.00 km²,53.23825306,-7.932055
Level & Flow,26019,Mullagh,CAMLIN,SHANNON,SHANNON RBD,252.96 km²,53.73289833,-7.823796667
Level & Historic Flow,34117,Mullenmore Springs,DEEL [Crossmolina],MOY,WESTERN RBD,,54.09038181,-9.30899208
Level & Flow,25050,Mullingar Pump Hse,BROSNA,SHANNON,SHANNON RBD,54.00 km²,53.5278825,-7.334809444
Level & Flow,19105,Muskerry,Shournagh,LEE,SOUTH WESTERN RBD,209.13 km²,51.914717,-8.60186
Level & Flow,07009,Navan Weir,BOYNE,BOYNE,EASTERN RBD,1610.00 km²,53.64355944,-6.6720575
Level & Flow,25004,New Br (Bilboa),BILBOA,SHANNON ESTUARY,SHANNON RBD,122.26 km²,52.59164417,-8.314668889
Level & Historic Flow,25024,New Br (Little Brosna),LITTLE BROSNA,SHANNON,SHANNON RBD,508.00 km²,53.13191167,-7.975743333
Level & Flow,35028,New Br (Manorhamilton),BONET,GARVOGUE,WESTERN RBD,47.07 km²,54.31981167,-8.201256111
Level & Flow,16008,New Br (Suir),SUIR,SUIR,SOUTH EASTERN RBD,1090.50 km²,52.45946972,-7.997889722
Level & Flow,39001,New Mills,SWILLY,SWILLY COASTAL,NORTH WESTERN RBD,50.71 km²,54.93111333,-7.817926111
Level,16137,Newcastle Br,SUIR,SUIR,SOUTH EASTERN RBD,1941.00 km²,52.27491472,-7.810274722
Level & Flow,07115,Newfield,Ushers Stream,BOYNE,EASTERN RBD,7.06 km²,53.72338,-6.340371
Level & Historic Flow,24067,Normoyle's Br,GREANAGH,SHANNON ESTUARY,SHANNON RBD,83.74 km²,52.55980917,-8.825606111
Level & Flow,07011,O'Dalys Br,BLACKWATER (KELLS),BOYNE,EASTERN RBD,294.00 km²,53.76898194,-7.011203333
Level & Flow,23047,Oakpark Road,BIG [KERRY],LEE [TRALEE] TYSHE BIG COASTAL,SHANNON RBD,9.03 km²,52.28572,-9.6814
Level & Flow,29015,Oranmore Br,SPRING,BALLYNAMANAGH,WESTERN RBD,40.00 km²,53.27176167,-8.929459167
Level & Flow,21022,Orchard Grove,Finnihy,FINNIHY,SOUTH WESTERN RBD,27.79 km²,51.884092,-9.587665
Level & Flow,30101,Oughterard,OWENRIFF,CORRIB,WESTERN RBD,66.00 km²,53.43139917,-9.321143611
Level & Flow,19103,Ovens Bridge,Bride (Cork),LEE,SOUTH EASTERN RBD,117.82 km²,51.880537,-8.654934
Level & Flow,32014,Owenmore Br,OWENMORE,ERRIFF,WESTERN RBD,31.66 km²,53.69703861,-9.608128889
Level & Flow,27011,Owenogarney Railway Br,OWENOGARNEY,OWENOGARNEY,SHANNON RBD,0.00 km²,52.73270444,-8.771001111
Level & Flow,30002,Ower Br,BLACK [Shrule],CORRIB,WESTERN RBD,178.00 km²,53.48148528,-9.160028611
Level & Flow,14006,Pass Br,BARROW,BARROW,SOUTH EASTERN RBD,1096.00 km²,53.14592333,-7.070581111
Level,16125,Piltown,PIL,SUIR,SOUTH EASTERN RBD,83.65 km²,52.34931667,-7.324866944
Level & Historic Flow,25015,Pollagh,BROSNA,SHANNON,SHANNON RBD,918.00 km²,53.28134944,-7.715862222
Level,34071,Pollagh,MOY,MOY,WESTERN RBD,1797.00 km²,53.9652838,-9.12962645
Level,34081,Pontoon,L.    CULLIN,MOY,WESTERN RBD,819.40 km²,53.97766528,-9.208075833
Level,39061,Port Br,SWILLY ESTUARY,SWILLY COASTAL,NORTH WESTERN RBD,111.46 km²,54.94844722,-7.714145833
Level & Flow,14005,Portarlington,BARROW,BARROW,SOUTH EASTERN RBD,406.00 km²,53.16181278,-7.192953333
Level,25341,Portumna Bridge,SHANNON,SHANNON,SHANNON RBD,8806.68 km²,53.0915,-8.19565599
Level & Flow,29024,Poulataggle,STREAM,KINVARRA COASTAL,WESTERN RBD,13.27 km²,53.05858833,-8.890516389
Level & Flow,10051,Powerscourt House,Dargle,AVOCA,EASTERN RBD,58.12 km²,53.181773,-6.175674
Level & Flow,14125,Prusselstown,Moneen,BARROW,SOUTH EASTERN RBD,27.26 km²,53.008058,-6.96705399
Level,30096,Quincentennial Bridge,CORRIB,CORRIB,WESTERN RBD,3135.00 km²,53.282653,-9.05982
Level,12008,Rafter Br D/S,SLANEY,SLANEY,SOUTH EASTERN RBD,1320.66 km²,52.5009175,-6.564173056
Level,12009,Rafter Br U/S,SLANEY,SLANEY,SOUTH EASTERN RBD,1320.66 km²,52.50106139,-6.564197778
Level & Flow,25016,Rahan (Clodiagh),CLODIAGH,SHANNON,SHANNON RBD,253.78 km²,53.28079861,-7.615675556
Level & Flow,34001,Rahans (Moy),MOY,MOY,WESTERN RBD,1911.00 km²,54.10392667,-9.157682778
Level & Flow,26405,Rahara,STREAM,SHANNON,SHANNON RBD,2.00 km²,53.525362,-8.13081199
Level & Flow,29002,Rahasane Turlough,DUNKELLIN,DUNKELLIN,WESTERN RBD,332.00 km²,53.21694667,-8.807869167
Level,26356,Raherbeg Rail Bridge,SUCK,SHANNON,SHANNON RBD,1590.63 km²,53.273998,-8.086201
Level & Flow,14011,Rathangan,SLATE,BARROW,SOUTH EASTERN RBD,163.00 km²,53.22061583,-6.992655278
Level & Flow,29001,Rathgorgin,RAFORD,DUNKELLIN,WESTERN RBD,119.00 km²,53.25784861,-8.679536389
Level & Flow,24013,Rathkeale,DEEL,SHANNON,SHANNON RBD,426.00 km²,52.52096028,-8.943546111
Level & Flow,16003,Rathkennan,CLODIAGH,SUIR,SOUTH EASTERN RBD,246.00 km²,52.62930278,-7.924926389
Level,10062,Ravenswell Road,Dargle,Dargle,EASTERN RBD,128.04 km²,53.208295,-6.104617
Level & Historic Flow,34118,Richmond Br.,DEEL,MOY,WESTERN RBD,146.81 km²,54.07782056,-9.37275274
Level & Flow,24034,Riversfield Weir,LOOBAGH,MAIGUE,SHANNON RBD,54.66 km²,52.38757417,-8.540769444
Level,23050,Riverside Close,BRICK,FEALE,SHANNON RBD,6.39 km²,52.344863,-9.688059
Level & Flow,26010,Riverstown,CLOONE,Shannon,SHANNON RBD,100.00 km²,53.93121306,-7.815074167
Level & Flow,22003,Riverville,MAINE,LAUNE,SOUTH WESTERN RBD,272.00 km²,52.19762111,-9.570731944
Level & Flow,26002,Rookwood,SUCK,SHANNON,SHANNON RBD,626.00 km²,53.56371722,-8.292659444
Level & Flow,24047,Rossbrien Railway Br,BALLINACURRA,SHANNON ESTUARY,SHANNON RBD,31.79 km²,52.63608639,-8.632613611
Level & Flow,14018,Royal Oak,BARROW,BARROW,SOUTH EASTERN RBD,2415.00 km²,52.70019833,-6.981458056
Level & Flow,29009,Russaun,BEAGH,Galway Bay South East,WESTERN RBD,124.40 km²,53.05341111,-8.772401944
Level & Flow,36012,Sallaghan,ERNE,ERNE,NORTH WESTERN RBD,263.00 km²,53.88669139,-7.503405
Level,16146,Sandy Banks,SUIR,SUIR,SOUTH EASTERN RBD,2121.00 km²,52.343133,-7.74194399
Level & Flow,01041,Sandy Mills,DEELE,DEELE,NORTH WESTERN RBD,113.00 km²,54.83831806,-7.575758056
Level & Flow,12001,Scarawalsh,SLANEY,SLANEY,SOUTH EASTERN RBD,1036.00 km²,52.54851278,-6.550221667
Level & Flow,25030,Scarriff,GRANEY,SHANNON,SHANNON RBD,279.00 km²,52.90836472,-8.533124722
Level & Historic Flow,34005,Scarrownageeragh,GWEESTION,MOY,WESTERN RBD,309.11 km²,53.92268444,-9.060983333
Level,26374,Scragh Bog,STREAM,Shannon,SHANNON RBD,1.37 km²,53.58537,-7.36614
Level & Flow,31075,Shannagurraun,OWENBOLISKEY,OWENBOLISKA CASHLA SCREEB COASTAL,WESTERN RBD,85.17 km²,53.27434528,-9.308306111
Level,26028,Shannonbridge,SHANNON,SHANNON,SHANNON RBD,4999.00 km²,53.2798725,-8.049581389
Level,13072,Sigginstown,L. TACUMSHIN,BRIDGETOWN DUNCORMICK COASTAL,SOUTH EASTERN RBD,0.00 km²,52.20193,-6.45444
Level,20020,Skibbereen,Ilen,Ilen,SOUTH WESTERN RBD,0.00 km²,51.551701,-9.264979
Level & Flow,07012,Slane Castle,BOYNE,BOYNE,EASTERN RBD,2408.00 km²,53.70721167,-6.5624225
Level,23030,Sleveen Main Channel,BRICK,FEALE,SHANNON RBD,175.09 km²,52.43261611,-9.636918056
Level & Flow,21018,Sneem,Sneem,INNY,SOUTH WESTERN RBD,58.77 km²,51.84175,-9.89931
Level & Flow,23046,Spring Water Lane,Lissardboola,LEE [TRALEE] TYSHE BIG COASTAL,SHANNON RBD,13.46 km²,52.254746,-9.689834
Level,12007,St. Johns Br,URRIN,SLANEY,SOUTH EASTERN RBD,115.43 km²,52.49329083,-6.573358611
Level,14067,St. Mullins,BARROW ESTY,BARROW ESTUARY,SOUTH EASTERN RBD,0.00 km²,52.4854725,-6.92429
Level & Flow,07004,Stramatt,BLACKWATER (KELLS),BOYNE,EASTERN RBD,256.00 km²,53.79629806,-7.043613333
Level & Flow,25005,Sunville,DEAD,Shannon,SHANNON RBD,190.00 km²,52.58146778,-8.329348056
Level,15104,Sycamores,NORE,NORE,SOUTH EASTERN RBD,1569.00 km²,52.66592,-7.256381944
Level & Flow,25022,Syngefield,CAMCOR,Shannon,SHANNON RBD,160.00 km²,53.09280472,-7.881580278
Level & Flow,06014,Tallanstown Weir,GLYDE,GLYDE,NEAGH BANN RBD,270.00 km²,53.92109194,-6.54957
Level & Flow,16012,Tar Br,TAR,SUIR,SOUTH EASTERN RBD,228.00 km²,52.27300361,-7.842907222
Level & Historic Flow,35078,Templehouse Demesne,L.    TEMPLEHOUSE,BALLYSADARE,WESTERN RBD,274.00 km²,54.11164083,-8.582531111
Level & Flow,16156,Templemore,MALL,SUIR,SOUTH EASTERN RBD,19.30 km²,52.796265,-7.84057999
Level,30117,Terryland,Terryland/Sandy River,CORRIB,WESTERN RBD,5.99 km²,53.285939,-9.041714
Level & Flow,16004,Thurles,SUIR,SUIR,SOUTH EASTERN RBD,228.74 km²,52.67906389,-7.809622222
Level & Flow,07049,Tinker's Br,STREAM,BOYNE,EASTERN RBD,0.57 km²,53.34453417,-7.331587222
Level & Flow,09107,Tipper,MORELL,LIFFEY,EASTERN RBD,10.60 km²,53.20466715,-6.6251927
Level & Historic Flow,22071,Tomies Pier,L.    LEANE,LAUNE,SOUTH WESTERN RBD,557.70 km²,52.05684333,-9.605025
Level & Flow,22005,Torc Weir,OWENGARRIFF,LAUNE,SOUTH WESTERN RBD,8.03 km²,52.00097667,-9.506219722
Level & Flow,07001,Tremblestown,TREMBLESTOWN,BOYNE,EASTERN RBD,150.00 km²,53.56206472,-6.8556425
Level & Flow,07005,Trim,BOYNE,BOYNE,EASTERN RBD,1282.00 km²,53.55640528,-6.791843889
Level & Flow,12005,Tullow Town Br U/S,SLANEY,SLANEY,SOUTH EASTERN RBD,249.12 km²,52.80201306,-6.738373056
Level & Flow,39003,Tullyarvan,CRANA,Swilly Coastal,NORTH WESTERN RBD,99.00 km²,55.14361194,-7.452395
Level & Flow,14122,Turf Market,DUISKE,BARROW,SOUTH EASTERN RBD,24.41 km²,52.540332,-6.95592
Level & Flow,34018,Turlough,CASTLEBAR,MOY,WESTERN RBD,95.73 km²,53.88554528,-9.208034444
Level & Flow,36037,Urney Br,ERNE,ERNE,NORTH WESTERN RBD,870.33 km²,54.04891472,-7.405638889
Level,27023,Victoria Br,FERGUS,SHANNON ESTUARY,SHANNON RBD,55.64 km²,52.8485575,-8.990841667
Level,25058,Victoria Lock,CANAL,Shannon,SHANNON RBD,0.00 km²,53.16877194,-8.080450833
Level,07081,Virginia,RAMOR L.,BOYNE,EASTERN RBD,246.00 km²,53.83161528,-7.090788333
Level & Flow,07033,Virginia Hatchery,BLACKWATER (KELLS),BOYNE,EASTERN RBD,129.00 km²,53.83437028,-7.078577222
Level,26353,W.O.P.S. Rail Bridge,SHANNON,SHANNON,SHANNON RBD,6575.53 km²,53.26828507,-8.04051571
Level & Historic Flow,25308,Waterpark Br,NEWPORT,SHANNON ESTUARY,SHANNON RBD,123.46 km²,52.69524639,-8.464589444
Level & Flow,19102,Waterworks Weir,LEE,LEE,SOUTH WESTERN RBD,1185.00 km²,51.893989,-8.510053
Level & Flow,22009,White Br,DEENAGH ( LAUNE),LAUNE,SOUTH WESTERN RBD,35.40 km²,52.05492056,-9.527219167
Level,12044,Whitemill South,HORSE RIVER,SLANEY,SOUTH EASTERN RBD,3.50 km²,52.328281,-6.47393299
Level & Flow,26006,Willsbrook,SUCK,SUCK,SHANNON RBD,182.00 km²,53.72935694,-8.466028333
Level & Flow,30061,Wolfe Tone Br,CORRIB ESTY.,CORRIB,WESTERN RBD,3111.00 km²,53.26998,-9.05567
Level,16148,Workhouse Br,SUIR,SUIR,SOUTH EASTERN RBD,2139.69 km²,52.34965744,-7.7168139
