station_id,station_name,river,rbd,latitude,longitude,status,usable_for_study,file_format,record_start,record_end,record_span_days,total_rows,sentinel_era_start,sentinel_era_end,sentinel_era_span_days,sentinel_era_rows,sentinel_era_interval_minutes,sentinel_era_completeness_pct,sentinel_era_quality_ok_pct,sentinel_era_max_gap_days,sentinel_era_n_missing_values,quality_code_top5,n_bad_timestamps,declared_rows,parameter,ts_shortname,unit,error,file
10051,,,,,,ok,False,plain_csv,2021-11-16T12:15:00+00:00,2026-08-09T23:30:00+00:00,1727,165838,2021-11-16T12:15:00+00:00,2026-08-09T23:30:00+00:00,1727,165838,15.0,96.04,12.28,60.95,6567,31:134662; 254:20368; -1:6567; 151:4241,0,,,,,,wl_10051.csv
10062,,,,,,ok,False,plain_csv,2021-10-06T00:00:00+00:00,2026-08-09T23:30:00+00:00,1768,169823,2021-10-06T00:00:00+00:00,2026-08-09T23:30:00+00:00,1768,169823,15.0,76.6,5.45,4.56,39731,31:160112; 254:9262; -1:449,0,,,,,,wl_10062.csv
11001,,,,,,ok,True,plain_csv,1972-03-13T16:00:00+00:00,2026-08-09T23:30:00+00:00,19872,1907743,2017-01-01T00:00:00+00:00,2026-08-09T23:30:00+00:00,3507,336767,15.0,98.93,1.7,13.4,3592,31:1770661; 32:59243; -1:56873; 42:8245; 254:5837,0,,,,,,wl_11001.csv
12001,,,,,,ok,True,plain_csv,1955-09-05T04:00:00+00:00,2026-08-09T23:30:00+00:00,25906,2487055,2017-01-01T00:00:00+00:00,2026-08-09T23:30:00+00:00,3507,336767,15.0,99.01,0.78,7.95,3324,31:2313482; 32:71417; -1:64188; 101:27453; 33:6872,0,,,,,,wl_12001.csv
12002,,,,,,ok,True,plain_csv,2006-04-10T12:45:00+00:00,2026-08-09T23:30:00+00:00,7426,712940,2017-01-01T00:00:00+00:00,2026-08-09T23:30:00+00:00,3507,336767,15.0,98.85,2.58,20.55,3872,31:613062; 254:63290; -1:27166; 41:7286; 101:2068,0,,,,,,wl_12002.csv
12005,,,,,,ok,False,plain_csv,2002-10-04T13:30:00+00:00,2026-08-09T23:30:00+00:00,8710,836201,2017-01-01T00:00:00+00:00,2026-08-09T23:30:00+00:00,3507,336767,15.0,90.82,2.18,321.0,30912,31:770899; -1:54409; 254:7432; 32:3461,0,,,,,,wl_12005.csv
12007,,,,,,ok,True,plain_csv,2003-04-15T13:15:00+00:00,2026-08-09T23:30:00+00:00,8517,817674,2017-01-01T00:00:00+00:00,2026-08-09T23:30:00+00:00,3507,336767,15.0,98.93,2.15,4.25,3592,31:635790; -1:109997; 32:27664; 254:27254; 101:12711,0,,,,,,wl_12007.csv
12008,,,,,,ok,False,plain_csv,2003-02-18T14:15:00+00:00,2026-08-09T23:30:00+00:00,8573,823046,2017-01-01T00:00:00+00:00,2026-08-09T23:30:00+00:00,3507,336767,15.0,83.22,2.58,102.04,56494,31:671498; -1:95951; 101:20676; 99:20214; 254:9228,0,,,,,,wl_12008.csv
12009,,,,,,ok,True,plain_csv,2003-02-18T14:15:00+00:00,2026-08-09T23:30:00+00:00,8573,823046,2017-01-01T00:00:00+00:00,2026-08-09T23:30:00+00:00,3507,336767,15.0,84.99,2.58,2.15,50538,31:639123; -1:114477; 101:46653; 32:14113; 254:8680,0,,,,,,wl_12009.csv
12043,,,,,,ok,False,plain_csv,2024-04-12T13:00:00+00:00,2026-08-09T23:30:00+00:00,849,81547,2024-04-12T13:00:00+00:00,2026-08-09T23:30:00+00:00,849,81547,15.0,99.99,10.64,0.03,12,31:72858; 254:8677; -1:12,0,,,,,,wl_12043.csv
12044,,,,,,ok,False,plain_csv,2024-04-12T15:15:00+00:00,2026-08-09T23:30:00+00:00,849,81538,2024-04-12T15:15:00+00:00,2026-08-09T23:30:00+00:00,849,81538,15.0,99.2,37.11,5.95,653,32:32478; 254:30259; 31:18148; -1:653,0,,,,,,wl_12044.csv
12061,,,,,,ok,False,plain_csv,2003-06-30T11:30:00+00:00,2026-08-09T23:30:00+00:00,8441,810385,2017-01-01T00:00:00+00:00,2026-08-09T23:30:00+00:00,3507,336767,15.0,53.12,3.4,21.75,157876,31:614467; -1:114382; 99:51066; 254:11462; 101:9604,0,,,,,,wl_12061.csv
12063,,,,,,ok,False,plain_csv,2007-11-02T14:15:00+00:00,2026-08-09T23:30:00+00:00,6855,658118,2017-01-01T00:00:00+00:00,2026-08-09T23:30:00+00:00,3507,336767,15.0,69.91,20.22,10.03,101320,31:396422; 254:69378; 99:62767; 101:59791; 32:28366,0,,,,,,wl_12063.csv
12064,,,,,,ok,False,plain_csv,2003-04-04T10:15:00+00:00,2026-08-09T23:30:00+00:00,8528,818742,2017-01-01T00:00:00+00:00,2026-08-09T23:30:00+00:00,3507,336767,15.0,43.69,3.27,78.3,189627,31:635933; 151:79120; -1:34522; 41:33633; 101:11156,0,,,,,,wl_12064.csv
13070,,,,,,ok,True,plain_csv,1998-11-25T17:00:00+00:00,2026-08-09T23:30:00+00:00,10119,971451,2017-01-01T00:00:00+00:00,2026-08-09T23:30:00+00:00,3507,336767,15.0,98.79,3.74,18.72,4077,31:614734; -1:148531; 99:124261; 32:41791; 101:20278,0,,,,,,wl_13070.csv
13072,,,,,,ok,False,plain_csv,2020-08-13T10:15:00+00:00,2026-08-09T23:30:00+00:00,2187,210006,2020-08-13T10:15:00+00:00,2026-08-09T23:30:00+00:00,2187,210006,15.0,61.25,13.57,78.11,81372,31:93598; 32:77375; 254:28495; -1:9848; 101:690,0,,,,,,wl_13072.csv
13081,,,,,,ok,False,plain_csv,2007-09-25T13:00:00+00:00,2026-08-09T23:30:00+00:00,6893,661771,2017-01-01T00:00:00+00:00,2026-08-09T23:30:00+00:00,3507,336767,15.0,0.05,10.2,0.01,336604,31:445622; 99:140344; -1:39247; 254:34335; 101:2082,0,,,,,,wl_13081.csv
14001,,,,,,ok,True,plain_csv,1977-02-24T16:15:00+00:00,2026-08-09T23:30:00+00:00,18063,1734078,2017-01-01T00:00:00+00:00,2026-08-09T23:30:00+00:00,3507,336767,15.0,99.65,0.58,12.09,1164,31:1584492; -1:102953; 41:25348; 101:8703; 32:6666,0,,,,,,wl_14001.csv
14003,,,,,,ok,True,plain_csv,1979-12-18T13:45:00+00:00,2026-08-09T23:30:00+00:00,17036,1635496,2017-01-01T00:00:00+00:00,2026-08-09T23:30:00+00:00,3507,336767,15.0,98.25,6.06,21.61,5879,31:1373115; -1:201899; 32:25026; 254:20395; 101:15060,0,,,,,,wl_14003.csv
14004,,,,,,ok,True,plain_csv,1972-01-01T00:00:00+00:00,2026-08-09T23:30:00+00:00,19944,1914719,2017-01-01T00:00:00+00:00,2026-08-09T23:30:00+00:00,3507,336767,15.0,98.96,2.56,29.12,3490,31:1859993; 101:36255; -1:9649; 254:8821; 32:1,0,,,,,,wl_14004.csv
14005,,,,,,ok,False,plain_csv,1955-05-20T16:00:00+00:00,2026-08-09T23:30:00+00:00,26014,2497375,2017-01-01T00:00:00+00:00,2026-08-09T23:30:00+00:00,3507,336767,15.0,96.29,2.27,104.2,12503,31:2360997; -1:88941; 101:37370; 254:7826; 32:2241,0,,,,,,wl_14005.csv
14006,,,,,,ok,True,plain_csv,1972-01-01T00:00:00+00:00,2026-08-09T23:30:00+00:00,19944,1914719,2017-01-01T00:00:00+00:00,2026-08-09T23:30:00+00:00,3507,336767,15.0,99.19,2.28,15.51,2735,31:1854290; -1:44702; 254:7688; 101:7382; 225:639,0,,,,,,wl_14006.csv
14007,,,,,,ok,True,plain_csv,1980-02-01T15:00:00+00:00,2026-08-09T23:30:00+00:00,16991,1631171,2017-01-01T00:00:00+00:00,2026-08-09T23:30:00+00:00,3507,336767,15.0,99.4,3.49,11.92,2027,31:1523922; 32:40941; -1:33838; 254:16901; 101:15542,0,,,,,,wl_14007.csv
14009,,,,,,ok,True,plain_csv,1980-01-01T00:00:00+00:00,2026-08-09T23:30:00+00:00,17022,1634207,2017-01-01T00:00:00+00:00,2026-08-09T23:30:00+00:00,3507,336767,15.0,98.65,11.35,27.49,4546,31:1379688; -1:200623; 254:38237; 101:14964; 32:695,0,,,,,,wl_14009.csv
14011,,,,,,ok,True,plain_csv,1999-01-10T12:45:00+00:00,2026-08-09T23:30:00+00:00,10073,967052,2017-01-01T00:00:00+00:00,2026-08-09T23:30:00+00:00,3507,336767,15.0,97.88,8.0,25.31,7146,31:870576; 254:49173; -1:47302; 225:1,0,,,,,,wl_14011.csv
14013,,,,,,ok,True,plain_csv,1972-01-01T00:00:00+00:00,2026-08-09T23:30:00+00:00,19944,1914719,2017-01-01T00:00:00+00:00,2026-08-09T23:30:00+00:00,3507,336767,15.0,99.32,0.6,7.86,2302,31:1777574; -1:91951; 32:31966; 101:11217; 254:2008,0,,,,,,wl_14013.csv
14018,,,,,,ok,True,plain_csv,1972-01-01T00:00:00+00:00,2026-08-09T23:30:00+00:00,19944,1914719,2017-01-01T00:00:00+00:00,2026-08-09T23:30:00+00:00,3507,336767,15.0,99.26,0.59,8.51,2486,31:1878311; -1:21475; 32:12212; 254:2071; 99:642,0,,,,,,wl_14018.csv
14019,,,,,,ok,True,plain_csv,1954-01-01T05:15:00+00:00,2026-08-09T23:30:00+00:00,26518,2545802,2017-01-01T00:00:00+00:00,2026-08-09T23:30:00+00:00,3507,336767,15.0,98.7,0.58,16.02,4364,31:2290488; -1:160080; 42:39208; 32:27456; 101:14055,0,,,,,,wl_14019.csv
14022,,,,,,ok,True,plain_csv,2007-09-21T09:45:00+00:00,2026-08-09T23:30:00+00:00,6897,662168,2017-01-01T00:00:00+00:00,2026-08-09T23:30:00+00:00,3507,336767,15.0,98.85,0.58,6.41,3871,31:592113; 101:42875; 32:18485; -1:6738; 254:1957,0,,,,,,wl_14022.csv
14029,,,,,,ok,True,plain_csv,1996-09-18T15:00:00+00:00,2026-08-09T21:45:00+00:00,10917,1048060,2017-01-01T00:00:00+00:00,2026-08-09T21:45:00+00:00,3507,336760,15.0,99.66,3.29,5.51,1146,31:980742; -1:35900; 254:11202; 1:8807; 32:8729,0,,,,,,wl_14029.csv
14067,,,,,,ok,False,plain_csv,2004-01-19T15:00:00+00:00,2026-08-09T23:30:00+00:00,8238,790883,2017-01-01T00:00:00+00:00,2026-08-09T23:30:00+00:00,3507,336767,15.0,58.37,1.25,39.07,140187,31:313572; 99:227409; -1:89287; 101:66214; 254:35404,0,,,,,,wl_14067.csv
14120,,,,,,ok,True,plain_csv,2019-06-10T20:15:00+00:00,2026-08-09T23:30:00+00:00,2617,251246,2019-06-10T20:15:00+00:00,2026-08-09T23:30:00+00:00,2617,251246,15.0,99.72,3.06,5.78,696,31:236434; 254:7686; 32:6430; -1:696,0,,,,,,wl_14120.csv
14121,,,,,,ok,True,plain_csv,2019-06-06T14:45:00+00:00,2026-08-09T23:30:00+00:00,2621,251652,2019-06-06T14:45:00+00:00,2026-08-09T23:30:00+00:00,2621,251652,15.0,99.91,3.22,0.09,239,31:239433; 254:8111; 32:3869; -1:239,0,,,,,,wl_14121.csv
14122,,,,,,ok,True,plain_csv,2019-07-12T13:30:00+00:00,2026-08-09T23:30:00+00:00,2585,248201,2019-07-12T13:30:00+00:00,2026-08-09T23:30:00+00:00,2585,248201,15.0,99.8,12.47,2.18,508,31:216741; 254:30952; -1:508,0,,,,,,wl_14122.csv
14123,,,,,,ok,True,plain_csv,2019-12-18T12:45:00+00:00,2026-08-09T23:30:00+00:00,2426,232940,2019-12-18T12:45:00+00:00,2026-08-09T23:30:00+00:00,2426,232940,15.0,99.52,8.94,10.16,1112,31:181419; 32:28508; 254:20825; -1:1112; 41:1076,0,,,,,,wl_14123.csv
14125,,,,,,ok,False,plain_csv,2025-07-31T10:30:00+00:00,2026-08-09T23:30:00+00:00,374,35957,2025-07-31T10:30:00+00:00,2026-08-09T23:30:00+00:00,374,35957,15.0,99.99,23.88,0.02,3,31:27368; 254:8586; -1:3,0,,,,,,wl_14125.csv
15001,,,,,,ok,True,plain_csv,1972-01-01T00:00:00+00:00,2026-08-09T23:30:00+00:00,19944,1914719,2017-01-01T00:00:00+00:00,2026-08-09T23:30:00+00:00,3507,336767,15.0,98.0,12.85,15.91,6740,31:1719465; 32:118274; 254:43266; -1:32307; 101:923,0,,,,,,wl_15001.csv
15002,,,,,,ok,True,plain_csv,1953-11-14T05:30:00+00:00,2026-08-09T23:30:00+00:00,26566,2550409,2017-01-01T00:00:00+00:00,2026-08-09T23:30:00+00:00,3507,336767,15.0,99.06,3.99,6.43,3179,31:2238863; -1:208763; 254:45844; 42:43440; 101:7572,0,,,,,,wl_15002.csv
15003,,,,,,ok,True,plain_csv,1972-01-01T00:00:00+00:00,2026-08-09T23:30:00+00:00,19944,1914719,2017-01-01T00:00:00+00:00,2026-08-09T23:30:00+00:00,3507,336767,15.0,98.43,3.53,15.44,5285,31:1616437; 41:106639; 32:68740; -1:55235; 101:43301,0,,,,,,wl_15003.csv
15004,,,,,,ok,True,plain_csv,1972-01-01T00:00:00+00:00,2026-08-09T23:30:00+00:00,19944,1914719,2017-01-01T00:00:00+00:00,2026-08-09T23:30:00+00:00,3507,336767,15.0,99.47,16.12,8.51,1787,31:1642641; -1:154158; 254:64012; 32:29526; 101:21063,0,,,,,,wl_15004.csv
15005,,,,,,ok,True,plain_csv,1972-01-01T00:00:00+00:00,2026-08-09T23:30:00+00:00,19944,1914719,2017-01-01T00:00:00+00:00,2026-08-09T23:30:00+00:00,3507,336767,15.0,96.75,13.97,30.55,10936,31:1768186; 32:58744; 254:51894; -1:35330; 101:558,0,,,,,,wl_15005.csv
15006,,,,,,ok,True,plain_csv,1972-01-01T00:00:00+00:00,2026-08-09T23:30:00+00:00,19944,1914719,2017-01-01T00:00:00+00:00,2026-08-09T23:30:00+00:00,3507,336767,15.0,96.99,8.83,12.25,10123,31:1681158; 32:136883; 101:39383; 254:29729; -1:27540,0,,,,,,wl_15006.csv
15007,,,,,,ok,True,plain_csv,1972-01-01T00:00:00+00:00,2026-08-09T23:30:00+00:00,19944,1914719,2017-01-01T00:00:00+00:00,2026-08-09T23:30:00+00:00,3507,336767,15.0,99.93,1.66,0.21,241,31:1590581; 32:173988; 101:67650; 254:64094; -1:12149,0,,,,,,wl_15007.csv
15008,,,,,,ok,True,plain_csv,1972-10-01T00:00:00+00:00,2026-08-09T23:30:00+00:00,19670,1888415,2017-01-01T00:00:00+00:00,2026-08-09T23:30:00+00:00,3507,336767,15.0,99.61,2.09,3.56,1311,31:1582990; 254:187096; 99:70738; -1:25817; 32:15625,0,,,,,,wl_15008.csv
15009,,,,,,ok,True,plain_csv,1972-10-01T00:00:00+00:00,2026-08-09T23:30:00+00:00,19670,1888415,2017-01-01T00:00:00+00:00,2026-08-09T23:30:00+00:00,3507,336767,15.0,97.93,3.08,27.35,6971,-1:1053975; 31:776235; 32:30411; 101:15401; 254:10382,0,,,,,,wl_15009.csv
15011,,,,,,ok,True,plain_csv,1945-09-26T18:00:00+00:00,2026-08-09T23:30:00+00:00,29537,2835575,2017-01-01T00:00:00+00:00,2026-08-09T23:30:00+00:00,3507,336767,15.0,98.72,1.53,8.51,4302,31:1723715; -1:997827; 101:84246; 32:16975; 41:7671,0,,,,,,wl_15011.csv
15050,,,,,,ok,False,plain_csv,1995-10-02T09:30:00+00:00,2026-08-09T23:30:00+00:00,11269,1081881,2017-01-01T00:00:00+00:00,2026-08-09T23:30:00+00:00,3507,336767,15.0,96.69,5.0,83.44,11144,31:849833; -1:76550; 32:48862; 42:44665; 254:25054,0,,,,,,wl_15050.csv
15104,,,,,,ok,True,plain_csv,2006-07-13T12:45:00+00:00,2025-05-02T11:30:00+00:00,6867,659324,2017-01-01T00:00:00+00:00,2025-05-02T11:30:00+00:00,3043,292175,15.0,97.46,28.42,26.1,7417,31:415277; 254:112971; -1:87217; 99:24578; 41:8684,0,,,,,,wl_15104.csv
15105,,,,,,ok,True,plain_csv,2006-07-19T11:30:00+00:00,2026-08-09T23:30:00+00:00,7326,703345,2017-01-01T00:00:00+00:00,2026-08-09T23:30:00+00:00,3507,336767,15.0,98.71,9.56,14.1,4332,31:589951; -1:70449; 254:32191; 32:10754,0,,,,,,wl_15105.csv
15107,,,,,,ok,False,plain_csv,2025-08-18T14:15:00+00:00,2026-08-09T23:30:00+00:00,356,34214,2025-08-18T14:15:00+00:00,2026-08-09T23:30:00+00:00,356,34214,15.0,99.92,47.16,0.1,28,32:18050; 254:16136; -1:28,0,,,,,,wl_15107.csv
16001,,,,,,ok,True,plain_csv,1972-10-01T00:30:00+00:00,2026-08-09T23:30:00+00:00,19670,1888413,2017-01-01T00:00:00+00:00,2026-08-09T23:30:00+00:00,3507,336767,15.0,97.31,2.58,13.29,9069,31:1678408; -1:110366; 41:38352; 101:30274; 32:21188,0,,,,,,wl_16001.csv
16002,,,,,,ok,True,plain_csv,1954-10-01T00:00:00+00:00,2026-08-09T23:30:00+00:00,26245,2519615,2017-01-01T00:00:00+00:00,2026-08-09T23:30:00+00:00,3507,336767,15.0,99.16,2.19,19.01,2842,31:2465026; -1:43496; 254:7624; 32:3458; 101:11,0,,,,,,wl_16002.csv
16003,,,,,,ok,False,plain_csv,1954-10-01T00:00:00+00:00,2026-08-09T23:30:00+00:00,26245,2519615,2017-01-01T00:00:00+00:00,2026-08-09T23:30:00+00:00,3507,336767,15.0,97.74,2.91,64.27,7610,31:2311877; -1:191701; 254:10707; 32:5094; 101:236,0,,,,,,wl_16003.csv
16004,,,,,,ok,True,plain_csv,1954-10-01T00:00:00+00:00,2026-08-09T23:30:00+00:00,26245,2519615,2017-01-01T00:00:00+00:00,2026-08-09T23:30:00+00:00,3507,336767,15.0,98.15,3.82,35.19,6229,31:2420521; -1:45096; 41:24162; 32:15164; 254:13059,0,,,,,,wl_16004.csv
16005,,,,,,ok,True,plain_csv,1954-10-01T00:00:00+00:00,2026-08-09T23:30:00+00:00,26245,2519615,2017-01-01T00:00:00+00:00,2026-08-09T23:30:00+00:00,3507,336767,15.0,99.67,1.9,5.88,1114,31:1693190; 32:633499; 254:95605; 99:64368; -1:24414,0,,,,,,wl_16005.csv
16006,,,,,,ok,True,plain_csv,1972-10-01T00:00:00+00:00,2026-08-08T11:15:00+00:00,19669,1888270,2017-01-01T00:00:00+00:00,2026-08-08T11:15:00+00:00,3506,336622,15.0,99.45,2.12,5.43,1843,31:1612983; -1:106875; 32:70515; 99:65451; 254:23813,0,,,,,,wl_16006.csv
16007,,,,,,ok,True,plain_csv,1954-10-01T00:00:00+00:00,2026-08-09T23:30:00+00:00,26245,2519615,2017-01-01T00:00:00+00:00,2026-08-09T23:30:00+00:00,3507,336767,15.0,99.24,3.42,5.11,2550,31:2373949; -1:76784; 1:21536; 32:20337; 254:11707,0,,,,,,wl_16007.csv
16008,,,,,,ok,True,plain_csv,1954-10-01T00:00:00+00:00,2026-08-09T23:30:00+00:00,26245,2519615,2017-01-01T00:00:00+00:00,2026-08-09T23:30:00+00:00,3507,336767,15.0,98.76,2.13,9.55,4178,31:2320096; -1:82381; 32:68385; 41:26980; 101:7491,0,,,,,,wl_16008.csv
16009,,,,,,ok,True,plain_csv,1940-01-14T00:30:00+00:00,2026-08-09T23:30:00+00:00,31619,3035517,2017-01-01T00:00:00+00:00,2026-08-09T23:30:00+00:00,3507,336767,15.0,97.28,2.2,7.6,9157,31:2431657; 101:506455; 32:51122; -1:37820; 254:8463,0,,,,,,wl_16009.csv
16010,,,,,,ok,True,plain_csv,1954-10-01T00:00:00+00:00,2026-08-09T23:30:00+00:00,26245,2519615,2017-01-01T00:00:00+00:00,2026-08-09T23:30:00+00:00,3507,336767,15.0,98.37,2.32,17.61,5489,31:2432640; -1:60023; 32:16194; 254:9311; 99:1253,0,,,,,,wl_16010.csv
16011,,,,,,ok,True,plain_csv,1953-10-24T11:30:00+00:00,2026-08-09T23:30:00+00:00,26587,2552401,2017-01-01T00:00:00+00:00,2026-08-09T23:30:00+00:00,3507,336767,15.0,99.21,1.12,5.14,2645,31:2468997; 32:24304; -1:24164; 101:13614; 41:6994,0,,,,,,wl_16011.csv
16012,,,,,,ok,True,plain_csv,1963-12-02T16:00:00+00:00,2026-08-09T23:30:00+00:00,22896,2198047,2017-01-01T00:00:00+00:00,2026-08-09T23:30:00+00:00,3507,336767,15.0,98.17,10.21,12.24,6161,31:2065076; -1:61838; 254:34706; 101:12486; 42:11138,0,,,,,,wl_16012.csv
16013,,,,,,ok,True,plain_csv,1972-10-01T00:00:00+00:00,2026-08-09T23:30:00+00:00,19670,1888415,2017-01-01T00:00:00+00:00,2026-08-09T23:30:00+00:00,3507,336767,15.0,98.97,11.68,14.08,3483,31:1739240; -1:61984; 254:39541; 32:27778; 41:10658,0,,,,,,wl_16013.csv
16051,,,,,,ok,True,plain_csv,1992-01-22T14:00:00+00:00,2026-08-09T23:30:00+00:00,12618,1211367,2017-01-01T00:00:00+00:00,2026-08-09T23:30:00+00:00,3507,336767,15.0,97.41,2.66,37.96,8720,31:1178387; -1:20530; 254:9108; 32:2099; 34:1241,0,,,,,,wl_16051.csv
16062,,,,,,ok,True,plain_csv,2007-09-19T11:15:00+00:00,2026-08-09T23:30:00+00:00,6899,662354,2017-01-01T00:00:00+00:00,2026-08-09T23:30:00+00:00,3507,336767,15.0,84.73,45.8,8.51,51434,31:497193; 254:154236; 41:7583; -1:2095; 101:1247,0,,,,,,wl_16062.csv
16073,,,,,,ok,True,plain_csv,2021-07-22T00:00:00+00:00,2026-08-09T23:30:00+00:00,1844,177119,2021-07-22T00:00:00+00:00,2026-08-09T23:30:00+00:00,1844,177119,15.0,96.94,3.71,10.27,5414,31:165137; 254:6568; -1:5414,0,,,,,,wl_16073.csv
16125,,,,,,ok,False,plain_csv,2002-07-23T13:45:00+00:00,2026-08-09T23:30:00+00:00,8783,843208,2017-01-01T00:00:00+00:00,2026-08-09T23:30:00+00:00,3507,336767,15.0,93.66,0.79,109.12,21336,31:689197; 151:49181; -1:40690; 101:37808; 41:18116,0,,,,,,wl_16125.csv
16137,,,,,,ok,True,plain_csv,2005-05-13T12:30:00+00:00,2026-08-09T23:30:00+00:00,7758,744813,2017-01-01T00:00:00+00:00,2026-08-09T23:30:00+00:00,3507,336767,15.0,98.92,1.2,14.06,3628,31:685310; 32:32244; 101:14671; -1:8552; 254:4036,0,,,,,,wl_16137.csv
16139,,,,,,ok,True,plain_csv,2005-05-10T12:45:00+00:00,2026-08-09T23:30:00+00:00,7761,745100,2017-01-01T00:00:00+00:00,2026-08-09T23:30:00+00:00,3507,336767,15.0,97.55,17.0,20.07,8255,31:600581; 254:57255; -1:31720; 101:30744; 32:24104,0,,,,,,wl_16139.csv
16146,,,,,,ok,True,plain_csv,2010-07-26T14:45:00+00:00,2026-08-09T23:30:00+00:00,5858,562404,2017-01-01T00:00:00+00:00,2026-08-09T23:30:00+00:00,3507,336767,15.0,88.81,2.11,17.62,37687,-1:510960; 31:44354; 254:7090,0,,,,,,wl_16146.csv
16147,,,,,,ok,True,plain_csv,2010-07-13T11:00:00+00:00,2026-08-09T23:30:00+00:00,5871,563667,2017-01-01T00:00:00+00:00,2026-08-09T23:30:00+00:00,3507,336767,15.0,96.71,1.31,59.56,11093,31:534707; -1:17900; 101:6610; 254:4450,0,,,,,,wl_16147.csv
16148,,,,,,ok,True,plain_csv,2010-07-13T10:15:00+00:00,2026-08-09T23:30:00+00:00,5871,563670,2017-01-01T00:00:00+00:00,2026-08-09T23:30:00+00:00,3507,336767,15.0,95.61,1.9,42.42,14769,31:528694; -1:20212; 101:8370; 254:6394,0,,,,,,wl_16148.csv
16155,,,,,,ok,False,plain_csv,2022-01-20T11:45:00+00:00,2026-08-09T23:30:00+00:00,1662,159600,2022-01-20T11:45:00+00:00,2026-08-09T23:30:00+00:00,1662,159600,15.0,98.48,6.94,9.09,2431,31:96859; 101:38588; 254:11069; 41:8016; 32:2594,0,,,,,,wl_16155.csv
16156,,,,,,ok,False,plain_csv,2022-09-29T00:00:00+00:00,2026-08-09T23:30:00+00:00,1410,135455,2022-09-29T00:00:00+00:00,2026-08-09T23:30:00+00:00,1410,135455,15.0,99.67,7.12,3.95,451,31:99263; 32:26103; 254:9638; -1:451,0,,,,,,wl_16156.csv
16157,,,,,,ok,False,plain_csv,2025-01-29T13:00:00+00:00,2026-08-09T23:30:00+00:00,557,53515,2025-01-29T13:00:00+00:00,2026-08-09T23:30:00+00:00,557,53515,15.0,99.61,14.0,2.08,210,31:45814; 254:7491; -1:210,0,,,,,,wl_16157.csv
16158,,,,,,ok,False,plain_csv,2025-02-16T00:00:00+00:00,2026-08-09T23:30:00+00:00,539,51839,2025-02-16T00:00:00+00:00,2026-08-09T23:30:00+00:00,539,51839,15.0,99.25,14.87,0.68,391,31:29002; 32:11954; 254:7711; 101:2781; -1:391,0,,,,,,wl_16158.csv
16159,,,,,,ok,False,plain_csv,2025-09-29T13:45:00+00:00,2026-08-09T23:30:00+00:00,314,30184,2025-09-29T13:45:00+00:00,2026-08-09T23:30:00+00:00,314,30184,15.0,97.18,40.88,6.8,851,31:16995; 254:12338; -1:851,0,,,,,,wl_16159.csv
18001,,,,,,ok,True,plain_csv,1972-10-01T00:00:00+00:00,2026-08-09T23:30:00+00:00,19670,1888415,2017-01-01T00:00:00+00:00,2026-08-09T23:30:00+00:00,3507,336767,15.0,99.1,0.3,5.03,3040,31:1851587; -1:20164; 102:4707; 101:4599; 32:2988,0,,,,,,wl_18001.csv
18002,,,,,,ok,True,plain_csv,1955-10-01T00:00:00+00:00,2026-08-09T23:30:00+00:00,25880,2484575,2017-01-01T00:00:00+00:00,2026-08-09T23:30:00+00:00,3507,336767,15.0,99.47,0.4,7.18,1798,31:2414629; 101:22847; -1:15741; 32:10458; 151:9407,0,,,,,,wl_18002.csv
18003,,,,,,ok,True,plain_csv,1955-10-01T00:00:00+00:00,2026-08-09T23:30:00+00:00,25880,2484575,2017-01-01T00:00:00+00:00,2026-08-09T23:30:00+00:00,3507,336767,15.0,99.81,5.94,5.03,625,31:2363984; -1:64828; 254:20966; 101:16701; 32:10870,0,,,,,,wl_18003.csv
18005,,,,,,ok,True,plain_csv,1972-01-01T00:00:00+00:00,2026-08-09T23:30:00+00:00,19944,1914719,2017-01-01T00:00:00+00:00,2026-08-09T23:30:00+00:00,3507,336767,15.0,98.66,0.36,9.21,4506,31:1856954; -1:21637; 41:18832; 32:8818; 101:5241,0,,,,,,wl_18005.csv
18019,,,,,,ok,True,plain_csv,2005-07-01T00:15:00+00:00,2026-08-09T23:30:00+00:00,7709,740158,2017-01-01T00:00:00+00:00,2026-08-09T23:30:00+00:00,3507,336767,15.0,99.37,3.17,3.45,2120,31:653630; -1:45201; 254:16359; 32:14889; 41:7104,0,,,,,,wl_18019.csv
18024,,,,,,ok,True,plain_csv,2006-07-26T00:30:00+00:00,2026-08-09T23:30:00+00:00,7319,702717,2017-01-01T00:00:00+00:00,2026-08-09T23:30:00+00:00,3507,336767,15.0,99.67,0.9,2.88,1124,31:687136; -1:7534; 42:4985; 254:3062,0,,,,,,wl_18024.csv
18053,,,,,,ok,True,plain_csv,2002-06-25T16:15:00+00:00,2026-08-09T23:30:00+00:00,8811,845886,2017-01-01T00:00:00+00:00,2026-08-09T23:30:00+00:00,3507,336767,15.0,99.93,5.85,2.36,242,31:635446; 99:77272; -1:65550; 32:25239; 254:19787,0,,,,,,wl_18053.csv
18055,,,,,,ok,True,plain_csv,2001-05-29T15:00:00+00:00,2026-08-09T23:30:00+00:00,9203,883523,2017-01-01T00:00:00+00:00,2026-08-09T23:30:00+00:00,3507,336767,15.0,99.87,4.62,1.8,425,31:759958; 32:47750; -1:36150; 101:23805; 254:15763,0,,,,,,wl_18055.csv
18056,,,,,,ok,False,plain_csv,2001-06-18T13:30:00+00:00,2026-08-09T23:30:00+00:00,9183,881609,2017-01-01T00:00:00+00:00,2026-08-09T23:30:00+00:00,3507,336767,15.0,95.82,3.69,123.33,14070,31:598619; 32:116500; -1:112246; 99:28133; 254:12435,0,,,,,,wl_18056.csv
18057,,,,,,ok,False,plain_csv,2001-05-23T13:45:00+00:00,2026-08-09T23:30:00+00:00,9209,884104,2017-01-01T00:00:00+00:00,2026-08-09T23:30:00+00:00,3507,336767,15.0,96.07,4.3,92.09,13234,31:590496; -1:112937; 32:96453; 99:29073; 151:21002,0,,,,,,wl_18057.csv
18102,,,,,,ok,True,plain_csv,2005-07-01T00:15:00+00:00,2026-08-09T18:45:00+00:00,7709,740139,2017-01-01T00:00:00+00:00,2026-08-09T18:45:00+00:00,3507,336748,15.0,98.92,0.44,6.86,3622,31:655789; -1:48138; 101:17099; 32:16599; 254:2314,0,,,,,,wl_18102.csv
18105,,,,,,ok,True,plain_csv,2001-07-03T15:45:00+00:00,2026-08-09T23:30:00+00:00,9168,880160,2017-01-01T00:00:00+00:00,2026-08-09T23:30:00+00:00,3507,336767,15.0,99.78,3.69,5.95,754,31:805482; -1:28746; 41:18712; 254:12470; 101:7581,0,,,,,,wl_18105.csv
18106,,,,,,ok,True,plain_csv,2001-05-04T12:00:00+00:00,2026-08-09T23:30:00+00:00,9228,885935,2017-01-01T00:00:00+00:00,2026-08-09T23:30:00+00:00,3507,336767,15.0,99.75,1.27,8.51,854,31:631202; -1:157748; 41:43479; 101:26002; 32:20655,0,,,,,,wl_18106.csv
18107,,,,,,ok,True,plain_csv,2001-06-21T16:30:00+00:00,2026-08-09T23:30:00+00:00,9180,881309,2017-01-01T00:00:00+00:00,2026-08-09T23:30:00+00:00,3507,336767,15.0,99.75,1.09,8.51,841,31:732063; 32:79931; 101:25402; -1:20164; 41:19931,0,,,,,,wl_18107.csv
18108,,,,,,ok,True,plain_csv,2001-06-21T17:30:00+00:00,2026-08-09T23:30:00+00:00,9180,881305,2017-01-01T00:00:00+00:00,2026-08-09T23:30:00+00:00,3507,336767,15.0,98.41,0.36,3.04,5363,31:757219; -1:64948; 32:24515; 41:19954; 101:8706,0,,,,,,wl_18108.csv
18109,,,,,,ok,True,plain_csv,2005-07-02T00:15:00+00:00,2026-08-09T23:30:00+00:00,7708,740062,2017-01-01T00:00:00+00:00,2026-08-09T23:30:00+00:00,3507,336767,15.0,99.52,9.67,2.74,1631,31:640818; 101:42430; 254:32578; -1:19560; 32:4616,0,,,,,,wl_18109.csv
18110,,,,,,ok,True,plain_csv,2005-07-01T00:15:00+00:00,2026-08-09T23:30:00+00:00,7709,740158,2017-01-01T00:00:00+00:00,2026-08-09T23:30:00+00:00,3507,336767,15.0,99.43,4.51,5.09,1932,31:646604; -1:27631; 32:24719; 254:16444; 42:15595,0,,,,,,wl_18110.csv
18111,,,,,,ok,True,plain_csv,2005-07-01T00:15:00+00:00,2026-08-09T23:30:00+00:00,7709,740158,2017-01-01T00:00:00+00:00,2026-08-09T23:30:00+00:00,3507,336767,15.0,99.04,1.56,5.06,3222,31:651975; 32:24635; -1:19538; 102:19287; 42:15557,0,,,,,,wl_18111.csv
18112,,,,,,ok,True,plain_csv,2005-07-01T00:15:00+00:00,2026-08-09T23:30:00+00:00,7709,740158,2017-01-01T00:00:00+00:00,2026-08-09T23:30:00+00:00,3507,336767,15.0,99.75,3.75,2.42,826,31:621710; -1:37987; 42:30094; 254:13005; 41:12968,0,,,,,,wl_18112.csv
18113,,,,,,ok,True,plain_csv,2006-06-19T00:15:00+00:00,2026-08-09T23:30:00+00:00,7356,706270,2017-01-01T00:00:00+00:00,2026-08-09T23:30:00+00:00,3507,336767,15.0,99.99,7.31,0.06,29,31:633672; 254:34822; 41:15923; -1:12810; 101:8660,0,,,,,,wl_18113.csv
18114,,,,,,ok,True,plain_csv,2005-06-02T15:15:00+00:00,2026-08-09T23:30:00+00:00,7738,742882,2017-01-01T00:00:00+00:00,2026-08-09T23:30:00+00:00,3507,336767,15.0,99.32,0.5,14.12,2291,31:641311; 32:67799; 42:22307; 254:6520; -1:4142,0,,,,,,wl_18114.csv
18115,,,,,,ok,True,plain_csv,2005-07-01T00:15:00+00:00,2026-08-09T23:30:00+00:00,7709,740158,2017-01-01T00:00:00+00:00,2026-08-09T23:30:00+00:00,3507,336767,15.0,99.93,3.83,1.95,231,31:554624; 32:140122; -1:22895; 254:18800; 152:3620,0,,,,,,wl_18115.csv
18117,,,,,,ok,True,plain_csv,2007-09-13T15:30:00+00:00,2026-08-09T23:30:00+00:00,6905,662913,2017-01-01T00:00:00+00:00,2026-08-09T23:30:00+00:00,3507,336767,15.0,98.75,1.07,8.51,4225,31:646638; -1:10788; 254:3721; 101:1449; 151:317,0,,,,,,wl_18117.csv
18119,,,,,,ok,True,plain_csv,2009-06-08T11:45:00+00:00,2026-08-09T23:30:00+00:00,6271,602064,2017-01-01T00:00:00+00:00,2026-08-09T23:30:00+00:00,3507,336767,15.0,99.24,3.69,5.54,2555,31:548304; 254:19133; 99:10116; 32:8967; 41:8528,0,,,,,,wl_18119.csv
18124,,,,,,ok,True,plain_csv,2012-02-28T15:00:00+00:00,2026-08-09T23:30:00+00:00,5276,506531,2017-01-01T00:00:00+00:00,2026-08-09T23:30:00+00:00,3507,336767,15.0,99.9,1.07,2.39,329,31:456592; -1:30619; 254:9544; 101:4810; 41:2662,0,,,,,,wl_18124.csv
19001,,,,,,ok,True,plain_csv,1972-10-01T00:00:00+00:00,2026-08-09T23:30:00+00:00,19670,1888415,2017-01-01T00:00:00+00:00,2026-08-09T23:30:00+00:00,3507,336767,15.0,99.47,4.64,4.14,1789,31:1736908; -1:82411; 32:36838; 254:15738; 42:11230,0,,,,,,wl_19001.csv
19044,,,,,,ok,True,plain_csv,1992-10-13T17:15:00+00:00,2026-08-09T23:30:00+00:00,12353,1185914,2017-01-01T00:00:00+00:00,2026-08-09T23:30:00+00:00,3507,336767,15.0,98.49,2.85,8.86,5088,31:976088; -1:197465; 254:10363; 41:1911; 101:86,0,,,,,,wl_19044.csv
19045,,,,,,ok,True,plain_csv,1994-11-01T14:30:00+00:00,2026-08-09T22:30:00+00:00,11604,1114017,2017-01-01T00:00:00+00:00,2026-08-09T22:30:00+00:00,3507,336763,15.0,98.9,0.45,9.19,3700,31:799069; -1:286488; 101:20946; 41:5766; 254:1748,0,,,,,,wl_19045.csv
19054,,,,,,ok,True,plain_csv,2011-11-27T13:00:00+00:00,2026-08-09T23:30:00+00:00,5369,515467,2017-01-01T00:00:00+00:00,2026-08-09T23:30:00+00:00,3507,336767,15.0,99.71,5.69,5.4,981,31:484335; 254:19166; -1:6451; 101:5513; 150:2,0,,,,,,wl_19054.csv
19055,,,,,,ok,True,plain_csv,2011-10-04T14:15:00+00:00,2026-08-09T23:30:00+00:00,5423,520646,2017-01-01T00:00:00+00:00,2026-08-09T23:30:00+00:00,3507,336767,15.0,99.36,5.68,12.66,2159,31:482673; 254:19118; -1:12476; 101:5281; 150:1098,0,,,,,,wl_19055.csv
19056,,,,,,ok,True,plain_csv,2013-07-16T14:15:00+00:00,2026-08-09T23:30:00+00:00,4772,458150,2017-01-01T00:00:00+00:00,2026-08-09T23:30:00+00:00,3507,336767,15.0,97.81,8.52,12.84,7366,31:354173; 254:28677; 32:24768; 101:18449; -1:13281,0,,,,,,wl_19056.csv
19057,,,,,,ok,True,plain_csv,2013-07-19T12:15:00+00:00,2026-08-09T23:30:00+00:00,4769,457870,2017-01-01T00:00:00+00:00,2026-08-09T23:30:00+00:00,3507,336767,15.0,98.69,3.24,11.3,4411,31:392523; 32:20566; 42:13927; 101:13666; 254:10922,0,,,,,,wl_19057.csv
19058,,,,,,ok,True,plain_csv,2013-08-01T00:15:00+00:00,2026-08-09T23:30:00+00:00,4756,456670,2017-01-01T00:00:00+00:00,2026-08-09T23:30:00+00:00,3507,336767,15.0,99.34,0.67,10.25,2222,31:427077; 32:20327; 41:4321; -1:2676; 254:2269,0,,,,,,wl_19058.csv
19059,,,,,,ok,True,plain_csv,2013-08-06T14:45:00+00:00,2026-08-09T23:30:00+00:00,4751,456132,2017-01-01T00:00:00+00:00,2026-08-09T23:30:00+00:00,3507,336767,15.0,98.21,1.52,7.56,6016,31:438435; -1:7216; 254:5170; 32:4270; 225:1041,0,,,,,,wl_19059.csv
19094,,,,,,ok,True,plain_csv,2019-07-03T14:30:00+00:00,2026-08-09T23:30:00+00:00,2594,249061,2019-07-03T14:30:00+00:00,2026-08-09T23:30:00+00:00,2594,249061,15.0,99.77,0.18,4.16,570,31:248054; -1:570; 254:437,0,,,,,,wl_19094.csv
19095,,,,,,ok,True,plain_csv,2019-07-05T13:30:00+00:00,2026-08-09T23:30:00+00:00,2592,248873,2019-07-05T13:30:00+00:00,2026-08-09T23:30:00+00:00,2592,248873,15.0,96.34,0.17,35.9,9103,31:239335; -1:9103; 254:433; 101:2,0,,,,,,wl_19095.csv
19101,,,,,,ok,True,plain_csv,2019-05-08T15:15:00+00:00,2026-08-09T23:30:00+00:00,2650,254434,2019-05-08T15:15:00+00:00,2026-08-09T23:30:00+00:00,2650,254434,15.0,99.44,28.77,4.35,1422,31:153892; 254:73197; 32:15168; 42:6332; 101:4423,0,,,,,,wl_19101.csv
19102,,,,,,ok,True,plain_csv,2019-05-17T16:15:00+00:00,2026-08-09T23:30:00+00:00,2641,253566,2019-05-17T16:15:00+00:00,2026-08-09T23:30:00+00:00,2641,253566,15.0,99.45,10.88,4.97,1397,31:206427; 254:27600; 101:14303; 32:3839; -1:1397,0,,,,,,wl_19102.csv
19103,,,,,,ok,True,plain_csv,2019-07-15T14:15:00+00:00,2026-08-09T23:30:00+00:00,2582,247910,2019-07-15T14:15:00+00:00,2026-08-09T23:30:00+00:00,2582,247910,15.0,99.96,13.55,0.1,108,31:206661; 254:33600; 101:7541; -1:108,0,,,,,,wl_19103.csv
19104,,,,,,ok,True,plain_csv,2020-05-14T00:00:00+00:00,2026-08-09T23:30:00+00:00,2278,218783,2020-05-14T00:00:00+00:00,2026-08-09T23:30:00+00:00,2278,218783,15.0,99.67,10.08,7.01,723,31:190511; 254:22062; 151:5487; -1:723,0,,,,,,wl_19104.csv
19105,,,,,,ok,True,plain_csv,2020-07-09T13:45:00+00:00,2026-08-09T23:30:00+00:00,2222,213352,2020-07-09T13:45:00+00:00,2026-08-09T23:30:00+00:00,2222,213352,15.0,99.65,18.68,2.66,742,31:172754; 254:39856; -1:742,0,,,,,,wl_19105.csv
19106,,,,,,ok,True,plain_csv,2020-06-18T15:45:00+00:00,2026-08-09T23:30:00+00:00,2243,215360,2020-06-18T15:45:00+00:00,2026-08-09T23:30:00+00:00,2243,215360,15.0,99.93,7.68,1.16,147,31:198672; 254:16541; -1:147,0,,,,,,wl_19106.csv
19107,,,,,,ok,True,plain_csv,2020-08-15T00:00:00+00:00,2026-08-09T23:30:00+00:00,2185,209855,2020-08-15T00:00:00+00:00,2026-08-09T23:30:00+00:00,2185,209855,15.0,98.42,2.39,3.25,3315,31:201530; 254:5010; -1:3315,0,,,,,,wl_19107.csv
19108,,,,,,ok,True,plain_csv,2020-09-18T15:45:00+00:00,2026-08-09T23:30:00+00:00,2151,206528,2020-09-18T15:45:00+00:00,2026-08-09T23:30:00+00:00,2151,206528,15.0,97.67,0.44,3.11,4814,31:170750; 32:18075; 42:11981; -1:4814; 254:908,0,,,,,,wl_19108.csv
19109,,,,,,ok,True,plain_csv,2020-07-06T11:00:00+00:00,2026-08-09T23:30:00+00:00,2225,213651,2020-07-06T11:00:00+00:00,2026-08-09T23:30:00+00:00,2225,213651,15.0,99.61,16.52,5.22,834,31:167637; 254:35285; 32:9895; -1:834,0,,,,,,wl_19109.csv
19110,,,,,,ok,True,plain_csv,2020-11-29T00:00:00+00:00,2026-08-09T23:30:00+00:00,2079,199679,2020-11-29T00:00:00+00:00,2026-08-09T23:30:00+00:00,2079,199679,15.0,99.5,5.83,5.11,989,31:162820; 101:12761; 254:11646; 151:11462; -1:989,0,,,,,,wl_19110.csv
19111,,,,,,ok,True,plain_csv,2020-10-13T14:30:00+00:00,2026-08-09T23:30:00+00:00,2126,204133,2020-10-13T14:30:00+00:00,2026-08-09T23:30:00+00:00,2126,204133,15.0,99.93,7.82,0.02,144,31:178496; 254:15959; 41:4623; 32:3751; 101:1160,0,,,,,,wl_19111.csv
19112,,,,,,ok,True,plain_csv,2021-02-20T00:00:00+00:00,2026-08-09T23:30:00+00:00,1996,191711,2021-02-20T00:00:00+00:00,2026-08-09T23:30:00+00:00,1996,191711,15.0,99.04,17.6,3.41,1832,31:154856; 254:33734; -1:1832; 32:1289,0,,,,,,wl_19112.csv
19113,,,,,,ok,True,plain_csv,2021-04-20T15:45:00+00:00,2026-08-09T23:30:00+00:00,1937,185984,2021-04-20T15:45:00+00:00,2026-08-09T23:30:00+00:00,1937,185984,15.0,99.8,7.92,3.9,377,31:167609; 254:14733; 41:3265; -1:377,0,,,,,,wl_19113.csv
19114,,,,,,ok,False,plain_csv,2021-12-10T15:00:00+00:00,2026-08-09T23:30:00+00:00,1703,163523,2021-12-10T15:00:00+00:00,2026-08-09T23:30:00+00:00,1703,163523,15.0,99.08,8.75,6.07,1510,31:145124; 254:14309; 32:2580; -1:1510,0,,,,,,wl_19114.csv
19115,,,,,,ok,False,plain_csv,2024-09-09T13:30:00+00:00,2026-08-09T23:30:00+00:00,699,67145,2024-09-09T13:30:00+00:00,2026-08-09T23:30:00+00:00,699,67145,15.0,99.95,51.79,0.02,33,254:34773; 31:32339; -1:33,0,,,,,,wl_19115.csv
19116,,,,,,ok,False,plain_csv,2024-10-29T13:30:00+00:00,2026-08-09T23:30:00+00:00,649,62345,2024-10-29T13:30:00+00:00,2026-08-09T23:30:00+00:00,649,62345,15.0,99.98,55.81,0.11,13,254:34792; 31:27540; -1:13,0,,,,,,wl_19116.csv
19117,,,,,,ok,False,plain_csv,2024-10-29T12:15:00+00:00,2026-08-09T23:30:00+00:00,649,62350,2024-10-29T12:15:00+00:00,2026-08-09T23:30:00+00:00,649,62350,15.0,97.67,53.79,11.78,1452,254:33536; 31:27362; -1:1452,0,,,,,,wl_19117.csv
19119,,,,,,ok,False,plain_csv,2025-11-24T13:00:00+00:00,2026-08-09T23:30:00+00:00,258,24811,2025-11-24T13:00:00+00:00,2026-08-09T23:30:00+00:00,258,24811,15.0,99.97,99.97,0.07,7,254:24804; -1:7,0,,,,,,wl_19119.csv
19162,,,,,,ok,False,plain_csv,2021-09-29T00:00:00+00:00,2026-08-09T23:30:00+00:00,1775,511483,2021-09-29T00:00:00+00:00,2026-08-09T23:30:00+00:00,1775,511483,5.0,99.79,32.71,1.65,1052,31:343134; 254:167297; -1:1052,0,,,,,,wl_19162.csv
20001,,,,,,ok,False,plain_csv,1960-10-01T00:00:00+00:00,2026-08-09T23:30:00+00:00,24053,2309183,2017-01-01T00:00:00+00:00,2026-08-09T23:30:00+00:00,3507,336767,15.0,27.29,13.4,2530.45,244859,31:1907136; -1:340268; 254:45224; 32:5319; 101:5179,0,,,,,,wl_20001.csv
20002,,,,,,ok,True,plain_csv,1975-01-01T00:00:00+00:00,2026-08-09T23:30:00+00:00,18848,1809503,2017-01-01T00:00:00+00:00,2026-08-09T23:30:00+00:00,3507,336767,15.0,99.4,15.62,5.23,2020,31:1662855; 254:52691; 32:43059; -1:33325; 101:9795,0,,,,,,wl_20002.csv
20008,,,,,,ok,True,plain_csv,1991-01-29T04:45:00+00:00,2026-08-09T23:30:00+00:00,12976,1245772,2017-01-01T00:00:00+00:00,2026-08-09T23:30:00+00:00,3507,336767,15.0,98.99,3.34,3.03,3410,31:649355; 101:486085; 32:56073; 41:30293; 254:11262,0,,,,,,wl_20008.csv
20015,,,,,,ok,True,plain_csv,1990-05-22T15:30:00+00:00,2026-08-09T23:30:00+00:00,13228,1269921,2017-01-01T00:00:00+00:00,2026-08-09T23:30:00+00:00,3507,336767,15.0,99.71,4.29,8.98,989,31:1022806; 99:62577; 32:47192; 101:46949; -1:34741,0,,,,,,wl_20015.csv
20016,,,,,,ok,True,plain_csv,1990-05-22T15:00:00+00:00,2026-08-09T23:30:00+00:00,13228,1269923,2017-01-01T00:00:00+00:00,2026-08-09T23:30:00+00:00,3507,336767,15.0,99.72,8.91,5.84,956,31:1191142; 254:29993; 101:24234; -1:16594; 41:7960,0,,,,,,wl_20016.csv
20019,,,,,,ok,True,plain_csv,2013-10-22T13:15:00+00:00,2026-08-09T23:30:00+00:00,4674,448746,2017-01-01T00:00:00+00:00,2026-08-09T23:30:00+00:00,3507,336767,15.0,99.7,4.31,6.23,1000,31:396029; 101:16795; 254:14528; 41:13402; -1:7992,0,,,,,,wl_20019.csv
20020,,,,,,ok,False,plain_csv,2019-07-29T15:15:00+00:00,2026-08-09T23:30:00+00:00,2568,739684,2019-07-29T15:15:00+00:00,2026-08-09T23:30:00+00:00,2568,739684,5.0,64.28,5.89,0.37,264221,31:695757; 254:43583; -1:344,0,,,,,,wl_20020.csv
21018,,,,,,ok,True,plain_csv,2014-08-17T00:00:00+00:00,2026-08-09T23:30:00+00:00,4375,420095,2017-01-01T00:00:00+00:00,2026-08-09T23:30:00+00:00,3507,336767,15.0,99.41,3.85,3.54,1974,31:388848; 254:12979; 41:10569; 32:4703; -1:2240,0,,,,,,wl_21018.csv
21020,,,,,,ok,True,plain_csv,2020-09-24T00:00:00+00:00,2026-08-09T22:30:00+00:00,2145,206011,2020-09-24T00:00:00+00:00,2026-08-09T22:30:00+00:00,2145,206011,15.0,99.93,8.18,0.06,150,31:155729; 32:31465; 254:16849; 42:1818; -1:150,0,,,,,,wl_21020.csv
21021,,,,,,ok,True,plain_csv,2021-02-19T00:00:00+00:00,2026-08-09T23:30:00+00:00,1997,191807,2021-02-19T00:00:00+00:00,2026-08-09T23:30:00+00:00,1997,191807,15.0,98.52,7.22,11.04,2838,31:120254; 32:34292; 254:13858; 41:10299; 101:6067,0,,,,,,wl_21021.csv
21022,,,,,,ok,False,plain_csv,2021-12-16T13:45:00+00:00,2026-08-09T23:30:00+00:00,1697,162952,2021-12-16T13:45:00+00:00,2026-08-09T23:30:00+00:00,1697,162952,15.0,99.98,8.15,0.05,29,31:148575; 254:13280; 32:1068; -1:29,0,,,,,,wl_21022.csv
21023,,,,,,ok,False,plain_csv,2023-01-04T13:45:00+00:00,2026-08-09T23:30:00+00:00,1313,126088,2023-01-04T13:45:00+00:00,2026-08-09T23:30:00+00:00,1313,126088,15.0,99.33,10.66,8.25,848,31:106912; 254:13437; 32:4891; -1:848,0,,,,,,wl_21023.csv
22003,,,,,,ok,True,plain_csv,1954-09-27T09:00:00+00:00,2026-08-09T23:30:00+00:00,26249,2519963,2017-01-01T00:00:00+00:00,2026-08-09T23:30:00+00:00,3507,336767,15.0,99.21,4.31,13.95,2658,31:2000065; -1:268775; 32:101067; 42:86735; 254:30610,0,,,,,,wl_22003.csv
22005,,,,,,ok,True,plain_csv,1968-12-22T18:15:00+00:00,2026-08-09T23:30:00+00:00,21049,2020726,2017-01-01T00:00:00+00:00,2026-08-09T23:30:00+00:00,3507,336767,15.0,99.17,13.63,14.21,2797,31:1273536; -1:351007; 0:334943; 254:46144; 99:13758,0,,,,,,wl_22005.csv
22006,,,,,,ok,True,plain_csv,1947-01-08T08:00:00+00:00,2026-08-09T23:30:00+00:00,29068,2790591,2017-01-01T00:00:00+00:00,2026-08-09T23:30:00+00:00,3507,336767,15.0,99.44,16.22,7.0,1884,31:2144998; -1:522187; 254:54632; 41:34820; 145:18278,0,,,,,,wl_22006.csv
22009,,,,,,ok,True,plain_csv,1982-01-11T13:15:00+00:00,2026-08-09T23:30:00+00:00,16281,1563018,2017-01-01T00:00:00+00:00,2026-08-09T23:30:00+00:00,3507,336767,15.0,99.73,10.0,8.0,909,31:1463068; -1:61755; 254:35869; 32:1407; 101:915,0,,,,,,wl_22009.csv
22035,,,,,,ok,True,plain_csv,1991-07-22T17:30:00+00:00,2026-08-09T23:30:00+00:00,12802,1229017,2017-01-01T00:00:00+00:00,2026-08-09T23:30:00+00:00,3507,336767,15.0,99.99,10.42,0.06,27,31:1098274; -1:49490; 32:42957; 254:35102; 151:2588,0,,,,,,wl_22035.csv
22061,,,,,,ok,False,plain_csv,2007-10-04T12:45:00+00:00,2026-08-09T23:40:00+00:00,6884,1982724,2017-01-01T00:00:00+00:00,2026-08-09T23:40:00+00:00,3507,1010301,5.0,55.0,9.7,5.47,454647,31:1827881; 254:108732; -1:21943; 32:14999; 42:9169,0,,,,,,wl_22061.csv
22071,,,,,,ok,True,plain_csv,1973-10-01T00:00:00+00:00,2026-08-09T23:30:00+00:00,19305,1853375,2017-01-01T00:00:00+00:00,2026-08-09T23:30:00+00:00,3507,336767,15.0,99.25,3.77,21.66,2518,31:1711335; -1:103464; 32:22259; 254:12711; 42:2698,0,,,,,,wl_22071.csv
23001,,,,,,ok,True,plain_csv,1949-03-10T14:15:00+00:00,2026-08-09T23:30:00+00:00,28276,2714534,2017-01-01T00:00:00+00:00,2026-08-09T23:30:00+00:00,3507,336767,15.0,99.4,5.95,15.12,2035,31:2275893; 41:251346; -1:157633; 254:20032; 32:4796,0,,,,,,wl_23001.csv
23002,,,,,,ok,True,plain_csv,1946-10-18T17:00:00+00:00,2026-08-09T23:30:00+00:00,29150,2798427,2017-01-01T00:00:00+00:00,2026-08-09T23:30:00+00:00,3507,336767,15.0,99.44,13.51,9.65,1900,31:2600314; -1:136306; 254:53615; 32:6340; 101:1631,0,,,,,,wl_23002.csv
23012,,,,,,ok,True,plain_csv,2004-07-08T13:00:00+00:00,2026-08-09T23:30:00+00:00,8067,774475,2017-01-01T00:00:00+00:00,2026-08-09T23:30:00+00:00,3507,336767,15.0,98.53,13.62,5.23,4954,31:570785; -1:119797; 254:45977; 32:27311; 1:9313,0,,,,,,wl_23012.csv
23030,,,,,,ok,True,plain_csv,2000-01-01T00:15:00+00:00,2026-08-09T23:30:00+00:00,9717,2798776,2017-01-01T00:00:00+00:00,2026-08-09T23:30:00+00:00,3507,1010299,5.0,77.94,11.17,7.16,222865,31:2301859; -1:264816; 254:112828; 41:84946; 101:24257,0,,,,,,wl_23030.csv
23044,,,,,,ok,True,plain_csv,2020-05-14T13:45:00+00:00,2026-08-09T23:30:00+00:00,2278,218728,2020-05-14T13:45:00+00:00,2026-08-09T23:30:00+00:00,2278,218728,15.0,99.68,5.43,3.85,708,31:192956; 32:13184; 254:11880; -1:708,0,,,,,,wl_23044.csv
23045,,,,,,ok,True,plain_csv,2020-06-15T13:30:00+00:00,2026-08-09T23:30:00+00:00,2246,215657,2020-06-15T13:30:00+00:00,2026-08-09T23:30:00+00:00,2246,215657,15.0,99.25,4.65,13.67,1609,31:198456; 254:10024; 32:5568; -1:1609,0,,,,,,wl_23045.csv
23046,,,,,,ok,True,plain_csv,2020-06-26T11:15:00+00:00,2026-08-09T23:30:00+00:00,2235,214610,2020-06-26T11:15:00+00:00,2026-08-09T23:30:00+00:00,2235,214610,15.0,98.58,4.54,2.16,3056,31:189583; 32:12225; 254:9746; -1:3056,0,,,,,,wl_23046.csv
23047,,,,,,ok,True,plain_csv,2020-06-25T14:45:00+00:00,2026-08-09T23:30:00+00:00,2236,214692,2020-06-25T14:45:00+00:00,2026-08-09T23:30:00+00:00,2236,214692,15.0,99.95,13.48,0.72,116,31:154859; 254:28940; 101:18732; 42:6821; 32:5224,0,,,,,,wl_23047.csv
23048,,,,,,ok,True,plain_csv,2020-08-31T15:45:00+00:00,2026-08-09T23:30:00+00:00,2169,208256,2020-08-31T15:45:00+00:00,2026-08-09T23:30:00+00:00,2169,208256,15.0,99.16,4.63,2.15,1753,31:191512; 254:9639; 32:5352; -1:1753,0,,,,,,wl_23048.csv
23049,,,,,,ok,True,plain_csv,2020-11-25T16:30:00+00:00,2026-08-09T23:30:00+00:00,2083,199997,2020-11-25T16:30:00+00:00,2026-08-09T23:30:00+00:00,2083,199997,15.0,99.97,4.99,0.59,64,31:189889; 254:9970; 32:74; -1:64,0,,,,,,wl_23049.csv
23050,,,,,,ok,True,plain_csv,2021-06-08T10:45:00+00:00,2026-08-09T23:30:00+00:00,1888,181300,2021-06-08T10:45:00+00:00,2026-08-09T23:30:00+00:00,1888,181300,15.0,99.96,5.37,0.32,73,31:126587; 32:22736; 42:22172; 254:9732; -1:73,0,,,,,,wl_23050.csv
23051,,,,,,ok,True,plain_csv,2021-05-07T00:00:00+00:00,2026-08-09T23:30:00+00:00,1920,184415,2021-05-07T00:00:00+00:00,2026-08-09T23:30:00+00:00,1920,184415,15.0,97.82,10.83,21.77,4013,31:160423; 254:19979; -1:4013,0,,,,,,wl_23051.csv
23052,,,,,,ok,True,plain_csv,2021-05-07T00:00:00+00:00,2026-08-09T23:30:00+00:00,1920,184415,2021-05-07T00:00:00+00:00,2026-08-09T23:30:00+00:00,1920,184415,15.0,99.98,10.85,0.17,31,31:164375; 254:20009; -1:31,0,,,,,,wl_23052.csv
23061,,,,,,ok,True,plain_csv,1997-12-29T14:00:00+00:00,2026-08-09T23:30:00+00:00,10450,3009715,2017-01-01T00:00:00+00:00,2026-08-09T23:30:00+00:00,3507,1010299,5.0,73.09,12.88,24.61,271905,31:2183845; -1:506250; 254:130133; 41:86814; 101:73315,0,,,,,,wl_23061.csv
23062,,,,,,ok,False,plain_csv,2004-02-23T08:00:00+00:00,2026-08-09T23:30:00+00:00,8203,787551,2017-01-01T00:00:00+00:00,2026-08-09T23:30:00+00:00,3507,336767,15.0,45.19,9.18,71.96,184595,31:685220; -1:37499; 254:30962; 32:12666; 101:9129,0,,,,,,wl_23062.csv
23063,,,,,,ok,False,plain_csv,2004-05-29T00:00:00+00:00,2026-08-09T23:30:00+00:00,8107,2335099,2017-01-01T00:00:00+00:00,2026-08-09T23:30:00+00:00,3507,1010299,5.0,82.8,14.95,63.23,173805,31:1562403; -1:406526; 254:151281; 41:88929; 101:53835,0,,,,,,wl_23063.csv
23068,,,,,,ok,False,plain_csv,1997-12-29T14:15:00+00:00,2026-08-09T23:30:00+00:00,10450,3009712,2017-01-01T00:00:00+00:00,2026-08-09T23:30:00+00:00,3507,1010299,5.0,56.4,13.06,46.75,440487,31:2439025; 32:199537; -1:171050; 254:131979; 41:42917,0,,,,,,wl_23068.csv
24001,,,,,,ok,True,plain_csv,1972-10-01T00:00:00+00:00,2026-08-09T23:30:00+00:00,19670,1888415,2017-01-01T00:00:00+00:00,2026-08-09T23:30:00+00:00,3507,336767,15.0,99.53,2.06,2.86,1570,31:1749722; 32:65834; -1:57560; 254:8377; 41:6136,0,,,,,,wl_24001.csv
24002,,,,,,ok,True,plain_csv,1972-10-01T00:00:00+00:00,2026-08-09T23:15:00+00:00,19670,1888414,2017-01-01T00:00:00+00:00,2026-08-09T23:15:00+00:00,3507,336766,15.0,98.2,9.8,9.55,6067,31:1576599; -1:208936; 254:33006; 101:26669; 32:24605,0,,,,,,wl_24002.csv
24004,,,,,,ok,True,plain_csv,1972-10-01T00:00:00+00:00,2026-08-09T23:30:00+00:00,19670,1888415,2017-01-01T00:00:00+00:00,2026-08-09T23:30:00+00:00,3507,336767,15.0,99.47,3.87,4.14,1799,31:1614143; 254:142658; 99:55862; -1:31748; 32:26618,0,,,,,,wl_24004.csv
24005,,,,,,ok,True,plain_csv,1972-10-01T00:00:00+00:00,2026-08-09T23:30:00+00:00,19670,1888415,2017-01-01T00:00:00+00:00,2026-08-09T23:30:00+00:00,3507,336767,15.0,99.54,5.79,1.85,1544,31:1659775; -1:202911; 254:25684; 32:45,0,,,,,,wl_24005.csv
24008,,,,,,ok,True,plain_csv,1973-11-28T17:15:00+00:00,2026-08-09T23:15:00+00:00,19247,1847737,2017-01-01T00:00:00+00:00,2026-08-09T23:15:00+00:00,3507,336766,15.0,98.87,8.4,22.96,3817,31:1767673; -1:39442; 254:28740; 32:7095; 101:4690,0,,,,,,wl_24008.csv
24009,,,,,,ok,True,plain_csv,2007-11-01T16:30:00+00:00,2026-08-09T23:30:00+00:00,6856,658205,2017-01-01T00:00:00+00:00,2026-08-09T23:30:00+00:00,3507,336767,15.0,99.16,1.57,9.52,2833,31:615368; 32:18519; 101:9072; -1:9066; 254:5530,0,,,,,,wl_24009.csv
24011,,,,,,ok,True,plain_csv,1989-01-01T01:45:00+00:00,2026-08-09T23:30:00+00:00,13734,1318552,2017-01-01T00:00:00+00:00,2026-08-09T23:30:00+00:00,3507,336767,15.0,100.0,1.59,0.02,13,31:1188681; 32:82723; 254:15011; -1:8766; 42:8389,0,,,,,,wl_24011.csv
24012,,,,,,ok,True,plain_csv,1954-10-01T00:00:00+00:00,2026-08-09T23:30:00+00:00,26245,2519615,2017-01-01T00:00:00+00:00,2026-08-09T23:30:00+00:00,3507,336767,15.0,99.63,1.5,8.51,1234,31:2392528; -1:60844; 32:52605; 99:8096; 254:5042,0,,,,,,wl_24012.csv
24013,,,,,,ok,True,plain_csv,1972-10-01T00:00:00+00:00,2026-08-09T23:30:00+00:00,19670,1888415,2017-01-01T00:00:00+00:00,2026-08-09T23:30:00+00:00,3507,336767,15.0,99.49,10.42,6.21,1708,31:1671830; 32:95069; -1:76439; 254:35080; 156:7777,0,,,,,,wl_24013.csv
24034,,,,,,ok,True,plain_csv,2004-07-16T13:00:00+00:00,2026-08-09T23:30:00+00:00,8059,773707,2017-01-01T00:00:00+00:00,2026-08-09T23:30:00+00:00,3507,336767,15.0,99.89,3.88,1.02,382,31:682850; 99:33581; -1:27285; 254:13704; 32:10731,0,,,,,,wl_24034.csv
24047,,,,,,ok,True,plain_csv,2000-01-01T00:15:00+00:00,2026-08-09T23:30:00+00:00,9717,932926,2017-01-01T00:00:00+00:00,2026-08-09T23:30:00+00:00,3507,336767,15.0,96.52,9.96,49.16,11728,31:670194; -1:107997; 101:58296; 254:33770; 99:21577,0,,,,,,wl_24047.csv
24053,,,,,,ok,False,plain_csv,2025-03-22T00:00:00+00:00,2026-08-09T23:15:00+00:00,505,48574,2025-03-22T00:00:00+00:00,2026-08-09T23:15:00+00:00,505,48574,15.0,98.7,10.05,4.01,631,31:43063; 254:4880; -1:631,0,,,,,,wl_24053.csv
24061,,,,,,ok,False,plain_csv,2000-12-01T00:15:00+00:00,2026-08-09T23:30:00+00:00,9382,900766,2017-01-01T00:00:00+00:00,2026-08-09T23:30:00+00:00,3507,336767,15.0,56.54,2.16,122.56,146345,31:793411; 32:40932; 101:32446; -1:22247; 254:11728,0,,,,,,wl_24061.csv
24062,,,,,,ok,True,plain_csv,2007-11-30T15:15:00+00:00,2026-08-09T23:30:00+00:00,6827,655426,2017-01-01T00:00:00+00:00,2026-08-09T23:30:00+00:00,3507,336767,15.0,75.27,1.48,1.18,83284,31:599719; 101:42125; -1:8479; 254:5006; 225:97,0,,,,,,wl_24062.csv
24067,,,,,,ok,True,plain_csv,2007-11-30T14:45:00+00:00,2026-08-09T23:30:00+00:00,6827,655428,2017-01-01T00:00:00+00:00,2026-08-09T23:30:00+00:00,3507,336767,15.0,99.47,1.48,15.96,1789,31:631472; -1:12113; 42:6621; 254:5222,0,,,,,,wl_24067.csv
24100,,,,,,ok,True,plain_csv,2008-10-29T16:30:00+00:00,2026-08-09T23:30:00+00:00,6493,623357,2017-01-01T00:00:00+00:00,2026-08-09T23:30:00+00:00,3507,336767,15.0,99.33,1.58,6.61,2248,31:588593; 32:23765; 254:5319; 101:3331; -1:2349,0,,,,,,wl_24100.csv
25001,,,,,,ok,True,plain_csv,1972-10-01T00:00:00+00:00,2026-08-09T23:30:00+00:00,19670,1888415,2017-01-01T00:00:00+00:00,2026-08-09T23:30:00+00:00,3507,336767,15.0,97.76,3.77,12.28,7542,31:1686964; -1:136695; 32:37419; 101:14085; 254:12859,0,,,,,,wl_25001.csv
25002,,,,,,ok,True,plain_csv,1953-10-01T00:00:00+00:00,2026-08-09T23:30:00+00:00,26610,2554655,2017-01-01T00:00:00+00:00,2026-08-09T23:30:00+00:00,3507,336767,15.0,99.74,12.37,3.88,873,31:2222248; 32:182897; -1:63317; 254:41794; 41:20648,0,,,,,,wl_25002.csv
25003,,,,,,ok,True,plain_csv,1995-04-03T18:00:00+00:00,2026-08-09T23:30:00+00:00,11451,1099319,2017-01-01T00:00:00+00:00,2026-08-09T23:30:00+00:00,3507,336767,15.0,98.31,2.4,6.65,5706,31:914906; 32:145094; -1:19890; 254:8079; 101:7813,0,,,,,,wl_25003.csv
25004,,,,,,ok,True,plain_csv,1976-01-01T00:00:00+00:00,2026-08-08T12:45:00+00:00,18482,1774324,2017-01-01T00:00:00+00:00,2026-08-08T12:45:00+00:00,3506,336628,15.0,99.11,4.22,4.46,3000,31:1335078; 99:162217; -1:152152; 32:35937; 41:27897,0,,,,,,wl_25004.csv
25005,,,,,,ok,True,plain_csv,1972-10-01T00:00:00+00:00,2026-08-09T23:30:00+00:00,19670,1888415,2017-01-01T00:00:00+00:00,2026-08-09T23:30:00+00:00,3507,336767,15.0,99.22,2.75,3.4,2619,31:1044841; -1:631602; 101:194615; 254:9738; 32:7619,0,,,,,,wl_25005.csv
25006,,,,,,ok,True,plain_csv,1947-10-24T13:30:00+00:00,2026-08-09T23:30:00+00:00,28779,2762825,2017-01-01T00:00:00+00:00,2026-08-09T23:30:00+00:00,3507,336767,15.0,99.01,1.32,5.03,3339,31:2525139; -1:180341; 101:25521; 32:19936; 254:10569,0,,,,,,wl_25006.csv
25011,,,,,,ok,True,plain_csv,1987-01-01T04:00:00+00:00,2026-08-09T23:30:00+00:00,14465,1388719,2017-01-01T00:00:00+00:00,2026-08-09T23:30:00+00:00,3507,336767,15.0,99.24,1.38,4.64,2565,31:1306440; 1:29363; -1:28901; 254:18856; 32:2789,0,,,,,,wl_25011.csv
25012,,,,,,ok,True,plain_csv,2002-09-30T16:00:00+00:00,2026-08-09T23:30:00+00:00,8714,836575,2017-01-01T00:00:00+00:00,2026-08-09T23:30:00+00:00,3507,336767,15.0,98.8,8.11,12.01,4027,31:734044; -1:41429; 32:28953; 254:27314; 101:4690,0,,,,,,wl_25012.csv
25014,,,,,,ok,True,plain_csv,1972-10-01T00:00:00+00:00,2026-08-09T23:30:00+00:00,19670,1888415,2017-01-01T00:00:00+00:00,2026-08-09T23:30:00+00:00,3507,336767,15.0,99.52,1.96,13.74,1624,31:1810032; -1:66784; 254:7656; 32:2790; 225:1152,0,,,,,,wl_25014.csv
25015,,,,,,ok,True,plain_csv,1972-01-01T09:30:00+00:00,2026-08-09T23:30:00+00:00,19944,1914681,2017-01-01T00:00:00+00:00,2026-08-09T23:30:00+00:00,3507,336767,15.0,99.41,1.94,3.06,1999,31:1510789; -1:197006; 41:107152; 32:70877; 42:12760,0,,,,,,wl_25015.csv
25016,,,,,,ok,True,plain_csv,1951-10-01T00:00:00+00:00,2026-08-09T23:30:00+00:00,27341,2624831,2017-01-01T00:00:00+00:00,2026-08-09T23:30:00+00:00,3507,336767,15.0,99.66,1.32,4.02,1136,31:2053374; 41:348003; -1:138058; 254:34050; 32:25057,0,,,,,,wl_25016.csv
25017,,,,,,ok,True,plain_csv,1989-01-02T09:00:00+00:00,2026-08-09T23:30:00+00:00,13733,1318427,2017-01-01T00:00:00+00:00,2026-08-09T23:30:00+00:00,3507,336767,15.0,99.94,1.47,1.04,210,31:1245451; 41:38731; -1:15441; 32:13570; 254:5033,0,,,,,,wl_25017.csv
25020,,,,,,ok,True,plain_csv,1986-01-01T02:15:00+00:00,2026-08-09T23:30:00+00:00,14830,1423766,2017-01-01T00:00:00+00:00,2026-08-09T23:30:00+00:00,3507,336767,15.0,99.29,1.27,7.65,2401,31:1209897; -1:188438; 32:15953; 254:5544; 101:3934,0,,,,,,wl_25020.csv
25021,,,,,,ok,True,plain_csv,1961-09-22T18:00:00+00:00,2026-08-09T23:30:00+00:00,23697,2274935,2017-01-01T00:00:00+00:00,2026-08-09T23:30:00+00:00,3507,336767,15.0,99.73,1.29,5.51,900,31:2131462; -1:118448; 32:17686; 254:4375; 225:2686,0,,,,,,wl_25021.csv
25022,,,,,,ok,True,plain_csv,1953-09-23T15:00:00+00:00,2026-08-09T23:30:00+00:00,26618,2555363,2017-01-01T00:00:00+00:00,2026-08-09T23:30:00+00:00,3507,336767,15.0,98.69,1.83,22.12,4427,31:1732222; 41:694199; -1:90629; 32:17859; 101:14280,0,,,,,,wl_25022.csv
25023,,,,,,ok,True,plain_csv,1972-10-01T00:00:00+00:00,2026-08-09T23:30:00+00:00,19670,1888415,2017-01-01T00:00:00+00:00,2026-08-09T23:30:00+00:00,3507,336767,15.0,99.64,1.29,3.32,1206,31:1550921; -1:232004; 101:87665; 32:13465; 254:4360,0,,,,,,wl_25023.csv
25024,,,,,,ok,True,plain_csv,1980-01-01T00:00:00+00:00,2026-08-09T23:30:00+00:00,17022,1634207,2017-01-01T00:00:00+00:00,2026-08-09T23:30:00+00:00,3507,336767,15.0,99.44,1.47,3.99,1902,31:1519052; -1:52052; 101:48632; 41:6771; 254:4942,0,,,,,,wl_25024.csv
25025,,,,,,ok,True,plain_csv,1972-10-01T00:00:00+00:00,2026-08-09T23:30:00+00:00,19670,1888415,2017-01-01T00:00:00+00:00,2026-08-09T23:30:00+00:00,3507,336767,15.0,99.23,1.31,6.08,2598,31:1735337; -1:89036; 32:57540; 254:6502,0,,,,,,wl_25025.csv
25027,,,,,,ok,True,plain_csv,1972-01-01T00:00:00+00:00,2026-08-09T23:30:00+00:00,19944,1914719,2017-01-01T00:00:00+00:00,2026-08-09T23:30:00+00:00,3507,336767,15.0,99.11,14.82,7.83,3011,31:1623842; 101:113052; 32:68543; -1:57867; 254:49907,0,,,,,,wl_25027.csv
25029,,,,,,ok,True,plain_csv,1972-01-01T00:00:00+00:00,2026-08-09T23:15:00+00:00,19944,1914718,2017-01-01T00:00:00+00:00,2026-08-09T23:15:00+00:00,3507,336766,15.0,98.25,4.87,18.36,5877,31:1637288; -1:125527; 101:86221; 32:49181; 254:16500,0,,,,,,wl_25029.csv
25030,,,,,,ok,True,plain_csv,1972-10-01T00:00:00+00:00,2026-08-09T23:30:00+00:00,19670,1888415,2017-01-01T00:00:00+00:00,2026-08-09T23:30:00+00:00,3507,336767,15.0,98.47,2.74,6.22,5159,31:1798679; -1:64228; 32:16117; 254:9316; 146:74,0,,,,,,wl_25030.csv
25050,,,,,,ok,True,plain_csv,1977-10-21T15:45:00+00:00,2026-08-09T23:30:00+00:00,17824,1711136,2017-01-01T00:00:00+00:00,2026-08-09T23:30:00+00:00,3507,336767,15.0,99.41,6.14,4.94,1973,31:1625499; -1:43585; 254:20794; 101:12385; 32:8406,0,,,,,,wl_25050.csv
25056,,,,,,ok,True,plain_csv,2003-12-30T03:30:00+00:00,2026-08-09T23:30:00+00:00,8258,792849,2017-01-01T00:00:00+00:00,2026-08-09T23:30:00+00:00,3507,336767,15.0,97.8,1.55,21.01,7415,31:717129; 32:48945; -1:20000; 254:5318; 101:1457,0,,,,,,wl_25056.csv
25058,,,,,,ok,True,plain_csv,2004-01-01T10:30:00+00:00,2026-08-09T23:30:00+00:00,8256,792629,2017-01-01T00:00:00+00:00,2026-08-09T23:30:00+00:00,3507,336767,15.0,99.34,1.49,5.59,2207,31:756787; 32:16244; -1:14365; 254:5225; 101:8,0,,,,,,wl_25058.csv
25061,,,,,,ok,True,plain_csv,2002-09-13T16:30:00+00:00,2026-08-09T23:00:00+00:00,8731,2514607,2017-01-01T00:00:00+00:00,2026-08-09T23:00:00+00:00,3507,1010293,5.0,98.29,8.65,4.86,17233,31:2193700; 32:132003; 254:87390; -1:52575; 42:36840,0,,,,,,wl_25061.csv
25213,,,,,,ok,True,plain_csv,1990-04-25T14:30:00+00:00,2026-08-09T23:30:00+00:00,13255,1272517,2017-01-01T00:00:00+00:00,2026-08-09T23:30:00+00:00,3507,336767,15.0,99.07,5.95,14.3,3143,31:1097099; -1:138371; 254:20483; 32:10248; 41:6221,0,,,,,,wl_25213.csv
25301,,,,,,ok,True,plain_csv,2002-07-08T13:00:00+00:00,2026-08-09T23:30:00+00:00,8798,844651,2017-01-01T00:00:00+00:00,2026-08-09T23:30:00+00:00,3507,336767,15.0,98.01,1.06,57.56,6710,31:689750; -1:84249; 101:62434; 32:4254; 254:3964,0,,,,,,wl_25301.csv
25308,,,,,,ok,True,plain_csv,1999-10-14T16:15:00+00:00,2026-08-09T23:30:00+00:00,9796,940446,2017-01-01T00:00:00+00:00,2026-08-09T23:30:00+00:00,3507,336767,15.0,97.85,2.39,41.96,7231,31:796061; 99:50373; -1:43750; 32:25119; 101:11232,0,,,,,,wl_25308.csv
25309,,,,,,ok,True,plain_csv,1999-10-14T13:15:00+00:00,2026-08-09T23:30:00+00:00,9796,940458,2017-01-01T00:00:00+00:00,2026-08-09T23:30:00+00:00,3507,336767,15.0,99.77,15.0,1.61,763,31:719269; 254:146358; -1:35428; 32:14296; 101:12316,0,,,,,,wl_25309.csv
25340,,,,,,ok,False,plain_csv,2023-05-22T16:00:00+00:00,2026-08-09T23:30:00+00:00,1175,112831,2023-05-22T16:00:00+00:00,2026-08-09T23:30:00+00:00,1175,112831,15.0,99.61,4.69,1.14,445,31:103424; 254:5290; 32:3672; -1:445,0,,,,,,wl_25340.csv
25341,,,,,,ok,False,plain_csv,2023-05-22T15:30:00+00:00,2026-08-09T23:30:00+00:00,1175,112833,2023-05-22T15:30:00+00:00,2026-08-09T23:30:00+00:00,1175,112833,15.0,99.39,3.94,7.17,689,31:107698; 254:4446; -1:689,0,,,,,,wl_25341.csv
25342,,,,,,ok,False,plain_csv,2025-04-17T13:00:00+00:00,2026-08-09T23:30:00+00:00,479,46027,2025-04-17T13:00:00+00:00,2026-08-09T23:30:00+00:00,479,46027,15.0,100.0,12.22,0.01,0,31:40401; 254:5626,0,,,,,,wl_25342.csv
26001,,,,,,ok,True,plain_csv,1972-10-01T00:00:00+00:00,2026-08-09T23:30:00+00:00,19670,1888415,2017-01-01T00:00:00+00:00,2026-08-09T23:30:00+00:00,3507,336767,15.0,99.43,1.16,6.34,1921,31:1693319; -1:190532; 254:3892; 225:669; 32:3,0,,,,,,wl_26001.csv
26002,,,,,,ok,True,plain_csv,1972-10-01T00:00:00+00:00,2026-08-09T23:30:00+00:00,19670,1888415,2017-01-01T00:00:00+00:00,2026-08-09T23:30:00+00:00,3507,336767,15.0,98.9,3.38,11.6,3714,31:1638004; -1:158270; 156:49255; 32:28293; 254:11874,0,,,,,,wl_26002.csv
26004,,,,,,ok,True,plain_csv,1972-10-01T00:00:00+00:00,2026-08-09T23:30:00+00:00,19670,1888415,2017-01-01T00:00:00+00:00,2026-08-09T23:30:00+00:00,3507,336767,15.0,98.96,3.15,4.18,3503,-1:1054266; 31:788558; 101:21044; 41:13914; 254:10621,0,,,,,,wl_26004.csv
26005,,,,,,ok,True,plain_csv,1954-10-01T00:00:00+00:00,2026-08-09T23:30:00+00:00,26245,2519615,2017-01-01T00:00:00+00:00,2026-08-09T23:30:00+00:00,3507,336767,15.0,98.96,1.15,8.77,3505,31:2425613; -1:66982; 32:23104; 254:3887; 99:29,0,,,,,,wl_26005.csv
26006,,,,,,ok,True,plain_csv,1972-10-01T00:00:00+00:00,2026-08-09T23:30:00+00:00,19670,1888415,2017-01-01T00:00:00+00:00,2026-08-09T23:30:00+00:00,3507,336767,15.0,99.27,3.15,8.51,2449,-1:1047805; 31:810891; 254:29138; 101:577; 32:4,0,,,,,,wl_26006.csv
26007,,,,,,ok,True,plain_csv,1968-09-01T11:00:00+00:00,2026-08-09T23:30:00+00:00,21161,2031507,2017-01-01T00:00:00+00:00,2026-08-09T23:30:00+00:00,3507,336767,15.0,99.71,1.15,10.02,979,31:1699229; -1:313202; 32:14967; 254:4030; 101:79,0,,,,,,wl_26007.csv
26008,,,,,,ok,True,plain_csv,1979-09-26T15:45:00+00:00,2026-08-09T23:30:00+00:00,17119,1643456,2017-01-01T00:00:00+00:00,2026-08-09T23:30:00+00:00,3507,336767,15.0,98.9,6.75,28.02,3693,31:1478901; -1:111584; 32:26991; 254:22841; 102:3139,0,,,,,,wl_26008.csv
26009,,,,,,ok,True,plain_csv,1972-10-01T00:00:00+00:00,2026-08-09T23:30:00+00:00,19670,1888415,2017-01-01T00:00:00+00:00,2026-08-09T23:30:00+00:00,3507,336767,15.0,99.41,19.92,5.51,1985,31:1558160; -1:149000; 254:86902; 101:65744; 32:28609,0,,,,,,wl_26009.csv
26010,,,,,,ok,True,plain_csv,1972-10-01T00:00:00+00:00,2026-08-09T23:30:00+00:00,19670,1888415,2017-01-01T00:00:00+00:00,2026-08-09T23:30:00+00:00,3507,336767,15.0,98.48,9.08,15.65,5105,31:1569361; -1:259586; 254:54964; 32:2972; 225:864,0,,,,,,wl_26010.csv
26014,,,,,,ok,True,plain_csv,1953-06-06T14:00:00+00:00,2026-08-09T23:30:00+00:00,26727,2565831,2017-01-01T00:00:00+00:00,2026-08-09T23:30:00+00:00,3507,336767,15.0,99.82,5.87,6.2,605,31:2281940; -1:246904; 254:19892; 32:14197; 101:2898,0,,,,,,wl_26014.csv
26015,,,,,,ok,True,plain_csv,1972-10-01T00:00:00+00:00,2026-08-09T23:30:00+00:00,19670,1888415,2017-01-01T00:00:00+00:00,2026-08-09T23:30:00+00:00,3507,336767,15.0,98.67,7.6,36.72,4470,31:1670907; 99:96628; -1:91728; 254:25695; 101:2208,0,,,,,,wl_26015.csv
26019,,,,,,ok,True,plain_csv,1953-09-16T12:30:00+00:00,2026-08-09T23:30:00+00:00,26625,2556045,2017-01-01T00:00:00+00:00,2026-08-09T23:30:00+00:00,3507,336767,15.0,99.76,6.14,3.3,800,31:2415338; -1:86246; 32:28610; 254:21507; 101:3783,0,,,,,,wl_26019.csv
26020,,,,,,ok,True,plain_csv,1972-01-01T00:00:00+00:00,2026-08-09T23:30:00+00:00,19944,1914719,2017-01-01T00:00:00+00:00,2026-08-09T23:30:00+00:00,3507,336767,15.0,97.25,11.46,9.95,9260,31:1593508; 99:180447; -1:67891; 254:39378; 101:33495,0,,,,,,wl_26020.csv
26021,,,,,,ok,True,plain_csv,1972-10-01T00:00:00+00:00,2026-08-09T23:30:00+00:00,19670,1888415,2017-01-01T00:00:00+00:00,2026-08-09T23:30:00+00:00,3507,336767,15.0,99.91,5.77,1.67,290,31:1757867; -1:90806; 254:19999; 32:14616; 151:4466,0,,,,,,wl_26021.csv
26022,,,,,,ok,True,plain_csv,1972-01-01T00:00:00+00:00,2026-08-09T23:30:00+00:00,19944,1914719,2017-01-01T00:00:00+00:00,2026-08-09T23:30:00+00:00,3507,336767,15.0,99.16,6.13,16.02,2815,31:913274; -1:625771; 41:352620; 254:23054,0,,,,,,wl_26022.csv
26027,,,,,,ok,True,plain_csv,1972-01-21T10:45:00+00:00,2026-08-09T23:30:00+00:00,19924,1912756,2017-01-01T00:00:00+00:00,2026-08-09T23:30:00+00:00,3507,336767,15.0,99.73,1.15,1.85,918,31:1895328; -1:13462; 254:3965; 1:1,0,,,,,,wl_26027.csv
26028,,,,,,ok,True,plain_csv,1983-01-01T05:45:00+00:00,2026-08-09T23:30:00+00:00,15926,1528968,2017-01-01T00:00:00+00:00,2026-08-09T23:30:00+00:00,3507,336767,15.0,99.81,1.38,3.51,645,31:1494528; -1:20931; 32:8856; 254:4653,0,,,,,,wl_26028.csv
26074,,,,,,ok,True,plain_csv,1994-07-22T15:15:00+00:00,2026-08-09T23:30:00+00:00,11706,1123810,2017-01-01T00:00:00+00:00,2026-08-09T23:30:00+00:00,3507,336767,15.0,98.94,6.73,12.91,3574,31:722561; -1:378597; 254:22652,0,,,,,,wl_26074.csv
26075,,,,,,ok,True,plain_csv,1980-09-16T15:00:00+00:00,2026-08-09T16:00:00+00:00,16763,1609253,2017-01-01T00:00:00+00:00,2026-08-09T16:00:00+00:00,3507,336737,15.0,98.27,11.29,14.07,5827,254:859521; 31:579652; 1:129777; -1:33102; 32:7200,0,,,,,,wl_26075.csv
26079,,,,,,ok,True,plain_csv,2004-08-03T09:45:00+00:00,2026-08-09T23:30:00+00:00,8041,771992,2017-01-01T00:00:00+00:00,2026-08-09T23:30:00+00:00,3507,336767,15.0,99.3,6.77,20.0,2358,31:540786; 101:113909; 32:63350; -1:31091; 254:22856,0,,,,,,wl_26079.csv
26082,,,,,,ok,True,plain_csv,2004-08-11T07:30:00+00:00,2026-08-09T23:30:00+00:00,8033,771233,2017-01-01T00:00:00+00:00,2026-08-09T23:30:00+00:00,3507,336767,15.0,98.09,6.13,29.69,6417,31:628126; -1:118804; 254:20635; 32:1909; 99:1759,0,,,,,,wl_26082.csv
26083,,,,,,ok,True,plain_csv,2007-10-10T12:45:00+00:00,2026-08-09T23:30:00+00:00,6878,660332,2017-01-01T00:00:00+00:00,2026-08-09T23:30:00+00:00,3507,336767,15.0,97.33,6.74,16.49,9004,31:519115; -1:95290; 32:23136; 254:22692; 101:99,0,,,,,,wl_26083.csv
26085,,,,,,ok,True,plain_csv,2005-06-14T14:15:00+00:00,2026-08-09T23:30:00+00:00,7726,741734,2017-01-01T00:00:00+00:00,2026-08-09T23:30:00+00:00,3507,336767,15.0,99.89,5.86,1.15,386,31:571093; 99:65502; -1:43508; 41:38615; 254:19751,0,,,,,,wl_26085.csv
26087,,,,,,ok,True,plain_csv,1983-06-05T16:15:00+00:00,2026-08-09T23:30:00+00:00,15771,1514046,2017-01-01T00:00:00+00:00,2026-08-09T23:30:00+00:00,3507,336767,15.0,99.49,5.93,7.38,1715,31:1298999; -1:71258; 101:63400; 32:43406; 254:20074,0,,,,,,wl_26087.csv
26088,,,,,,ok,True,plain_csv,2002-02-24T12:30:00+00:00,2026-08-09T23:30:00+00:00,8932,857517,2017-01-01T00:00:00+00:00,2026-08-09T23:30:00+00:00,3507,336767,15.0,99.92,3.29,1.1,259,31:649282; -1:197157; 254:11078,0,,,,,,wl_26088.csv
26089,,,,,,ok,True,plain_csv,2007-07-05T14:15:00+00:00,2026-08-09T23:30:00+00:00,6975,669638,2017-01-01T00:00:00+00:00,2026-08-09T23:30:00+00:00,3507,336767,15.0,98.86,5.92,15.35,3843,31:639553; 254:19931; -1:6460; 32:3694,0,,,,,,wl_26089.csv
26093,,,,,,ok,True,plain_csv,2001-10-04T10:00:00+00:00,2026-08-09T23:30:00+00:00,9075,871255,2017-01-01T00:00:00+00:00,2026-08-09T23:30:00+00:00,3507,336767,15.0,98.59,5.76,13.1,4761,31:652619; 32:71260; 151:62939; -1:44321; 254:21381,0,,,,,,wl_26093.csv
26104,,,,,,ok,True,plain_csv,2007-07-12T15:00:00+00:00,2026-08-09T23:30:00+00:00,6968,668963,2017-01-01T00:00:00+00:00,2026-08-09T23:30:00+00:00,3507,336767,15.0,95.14,6.34,11.15,16362,31:620464; -1:23176; 254:21340; 32:3983,0,,,,,,wl_26104.csv
26108,,,,,,ok,True,plain_csv,1990-11-28T02:15:00+00:00,2026-08-09T23:30:00+00:00,13038,1251734,2017-01-01T00:00:00+00:00,2026-08-09T23:30:00+00:00,3507,336767,15.0,98.34,5.79,8.51,5604,31:1069828; 32:104935; -1:46907; 254:19492; 101:9799,0,,,,,,wl_26108.csv
26140,,,,,,ok,True,plain_csv,2007-11-13T13:45:00+00:00,2026-08-09T23:30:00+00:00,6844,657064,2017-01-01T00:00:00+00:00,2026-08-09T23:30:00+00:00,3507,336767,15.0,98.26,1.19,41.85,5874,31:615022; -1:19836; 101:11540; 32:6632; 254:4034,0,,,,,,wl_26140.csv
26243,,,,,,ok,False,plain_csv,1999-04-12T15:15:00+00:00,2026-08-09T23:30:00+00:00,9981,958210,2017-01-01T00:00:00+00:00,2026-08-09T23:30:00+00:00,3507,336767,15.0,97.95,10.9,65.54,6887,31:807849; -1:111490; 254:37024; 32:1666; 41:181,0,,,,,,wl_26243.csv
26324,,,,,,ok,True,plain_csv,2004-07-29T18:30:00+00:00,2026-08-09T23:30:00+00:00,8046,772437,2017-01-01T00:00:00+00:00,2026-08-09T23:30:00+00:00,3507,336767,15.0,99.85,5.93,2.73,506,31:663986; 32:46467; -1:23090; 254:19954; 101:9739,0,,,,,,wl_26324.csv
26333,,,,,,ok,True,plain_csv,2003-10-20T12:15:00+00:00,2026-08-09T23:30:00+00:00,8329,799630,2017-01-01T00:00:00+00:00,2026-08-09T23:30:00+00:00,3507,336767,15.0,99.64,1.73,7.84,1214,31:688939; 32:82306; -1:16013; 101:6558; 254:5814,0,,,,,,wl_26333.csv
26351,,,,,,ok,True,plain_csv,2016-11-23T00:00:00+00:00,2026-08-09T23:30:00+00:00,3546,340511,2017-01-01T00:00:00+00:00,2026-08-09T23:30:00+00:00,3507,336767,15.0,98.63,1.38,19.02,4628,31:331219; 254:4661; -1:4631,0,,,,,,wl_26351.csv
26352,,,,,,ok,True,plain_csv,2016-11-23T15:15:00+00:00,2026-08-09T23:30:00+00:00,3546,340450,2017-01-01T00:00:00+00:00,2026-08-09T23:30:00+00:00,3507,336767,15.0,99.97,1.38,1.04,113,31:335581; 254:4753; -1:115; 32:1,0,,,,,,wl_26352.csv
26353,,,,,,ok,True,plain_csv,2016-12-02T15:00:00+00:00,2026-08-09T04:45:00+00:00,3536,339512,2017-01-01T00:00:00+00:00,2026-08-09T04:45:00+00:00,3507,336692,15.0,98.95,1.3,6.11,3551,31:330227; -1:4459; 254:4379; 101:447,0,,,,,,wl_26353.csv
26354,,,,,,ok,True,plain_csv,2020-07-02T12:00:00+00:00,2026-08-09T23:30:00+00:00,2229,214031,2020-07-02T12:00:00+00:00,2026-08-09T23:30:00+00:00,2229,214031,15.0,99.89,1.41,0.06,242,31:206483; 32:4280; 254:3026; -1:242,0,,,,,,wl_26354.csv
26355,,,,,,ok,True,plain_csv,2019-06-26T16:30:00+00:00,2026-08-09T23:30:00+00:00,2601,249725,2019-06-26T16:30:00+00:00,2026-08-09T23:30:00+00:00,2601,249725,15.0,99.55,0.98,4.0,1133,31:245040; 254:2449; -1:1133; 101:1103,0,,,,,,wl_26355.csv
26356,,,,,,ok,True,plain_csv,2019-07-05T14:30:00+00:00,2026-08-09T10:00:00+00:00,2591,248815,2019-07-05T14:30:00+00:00,2026-08-09T10:00:00+00:00,2591,248815,15.0,98.31,0.79,9.96,4214,31:242632; -1:4214; 254:1969,0,,,,,,wl_26356.csv
26357,,,,,,ok,True,plain_csv,2020-10-02T16:00:00+00:00,2026-08-09T23:30:00+00:00,2137,205183,2020-10-02T16:00:00+00:00,2026-08-09T23:30:00+00:00,2137,205183,15.0,99.36,1.19,5.97,1306,31:201431; 254:2446; -1:1306,0,,,,,,wl_26357.csv
26358,,,,,,ok,True,plain_csv,2020-10-02T15:30:00+00:00,2026-08-09T23:30:00+00:00,2137,205185,2020-10-02T15:30:00+00:00,2026-08-09T23:30:00+00:00,2137,205185,15.0,99.99,1.19,0.06,21,31:202717; 254:2447; -1:21,0,,,,,,wl_26358.csv
26359,,,,,,ok,True,plain_csv,2021-07-05T09:45:00+00:00,2026-08-09T23:30:00+00:00,1861,178712,2021-07-05T09:45:00+00:00,2026-08-09T23:30:00+00:00,1861,178712,15.0,99.02,11.12,9.16,1752,31:157094; 254:19866; -1:1752,0,,,,,,wl_26359.csv
26374,,,,,,ok,True,plain_csv,2018-05-05T00:00:00+00:00,2026-08-09T23:30:00+00:00,3018,289823,2018-05-05T00:00:00+00:00,2026-08-09T23:30:00+00:00,3018,289823,15.0,97.05,7.11,9.65,8548,31:260662; 254:20613; -1:8548,0,,,,,,wl_26374.csv
26401,,,,,,ok,True,plain_csv,2021-07-05T12:30:00+00:00,2026-08-09T23:30:00+00:00,1861,178701,2021-07-05T12:30:00+00:00,2026-08-09T23:30:00+00:00,1861,178701,15.0,98.55,11.15,9.16,2584,31:153109; 254:19928; 32:3080; -1:2584,0,,,,,,wl_26401.csv
26402,,,,,,ok,True,plain_csv,2021-05-13T09:30:00+00:00,2026-08-09T23:30:00+00:00,1914,183801,2021-05-13T09:30:00+00:00,2026-08-09T23:30:00+00:00,1914,183801,15.0,98.59,1.33,13.97,2591,31:178762; -1:2591; 254:2448,0,,,,,,wl_26402.csv
26404,,,,,,ok,False,plain_csv,2021-11-29T10:45:00+00:00,2026-08-09T23:30:00+00:00,1714,164596,2021-11-29T10:45:00+00:00,2026-08-09T23:30:00+00:00,1714,164596,15.0,99.85,6.76,1.09,251,31:153217; 254:11128; -1:251,0,,,,,,wl_26404.csv
26405,,,,,,ok,False,plain_csv,2023-11-06T16:30:00+00:00,2026-08-09T23:30:00+00:00,1007,96701,2023-11-06T16:30:00+00:00,2026-08-09T23:30:00+00:00,1007,96701,15.0,99.9,20.05,0.41,95,31:77219; 254:19387; -1:95,0,,,,,,wl_26405.csv
26406,,,,,,ok,False,plain_csv,2025-01-29T12:15:00+00:00,2026-08-09T23:30:00+00:00,557,53518,2025-01-29T12:15:00+00:00,2026-08-09T23:30:00+00:00,557,53518,15.0,97.29,36.12,9.69,1453,31:32736; 254:19329; -1:1453,0,,,,,,wl_26406.csv
26407,,,,,,ok,False,plain_csv,2025-01-29T15:15:00+00:00,2026-08-09T20:45:00+00:00,557,53495,2025-01-29T15:15:00+00:00,2026-08-09T20:45:00+00:00,557,53495,15.0,99.33,36.04,3.2,360,31:30900; 254:19282; 32:2953; -1:360,0,,,,,,wl_26407.csv
26408,,,,,,ok,False,plain_csv,2025-05-30T00:00:00+00:00,2026-08-07T11:45:00+00:00,434,41712,2025-05-30T00:00:00+00:00,2026-08-07T11:45:00+00:00,434,41712,15.0,96.01,26.45,0.12,1663,31:25248; 254:11033; 101:3768; -1:1663,0,,,,,,wl_26408.csv
26409,,,,,,ok,False,plain_csv,2025-05-30T00:00:00+00:00,2026-08-09T23:15:00+00:00,436,41950,2025-05-30T00:00:00+00:00,2026-08-09T23:15:00+00:00,436,41950,15.0,99.74,36.84,1.11,107,31:26390; 254:15453; -1:107,0,,,,,,wl_26409.csv
27001,,,,,,ok,True,plain_csv,1972-10-01T00:00:00+00:00,2026-08-09T23:30:00+00:00,19670,1888415,2017-01-01T00:00:00+00:00,2026-08-09T23:30:00+00:00,3507,336767,15.0,96.82,10.9,19.55,10713,31:1719970; -1:103377; 254:36743; 101:15886; 32:12438,0,,,,,,wl_27001.csv
27002,,,,,,ok,True,plain_csv,1954-05-03T17:15:00+00:00,2026-08-09T23:30:00+00:00,26396,2534042,2017-01-01T00:00:00+00:00,2026-08-09T23:30:00+00:00,3507,336767,15.0,99.58,6.19,8.84,1422,31:2401790; 32:49916; -1:39077; 101:22291; 254:20862,0,,,,,,wl_27002.csv
27003,,,,,,ok,True,plain_csv,1972-10-01T00:00:00+00:00,2026-08-09T23:30:00+00:00,19670,1888415,2017-01-01T00:00:00+00:00,2026-08-09T23:30:00+00:00,3507,336767,15.0,98.35,7.25,12.05,5541,31:1716812; -1:129023; 254:24418; 101:16033; 99:1108,0,,,,,,wl_27003.csv
27004,,,,,,ok,True,plain_csv,2007-12-04T10:30:00+00:00,2026-08-09T23:30:00+00:00,6823,655061,2017-01-01T00:00:00+00:00,2026-08-09T23:30:00+00:00,3507,336767,15.0,96.61,7.18,54.04,11427,31:581689; 32:29430; 254:24190; -1:12775; 101:6233,0,,,,,,wl_27004.csv
27011,,,,,,ok,True,plain_csv,2007-07-31T15:15:00+00:00,2026-08-09T23:30:00+00:00,6949,667138,2017-01-01T00:00:00+00:00,2026-08-09T23:30:00+00:00,3507,336767,15.0,99.39,9.7,5.73,2062,31:599817; 254:32693; -1:18217; 32:16388; 101:20,0,,,,,,wl_27011.csv
27023,,,,,,ok,True,plain_csv,2003-08-01T00:15:00+00:00,2026-08-09T23:30:00+00:00,8409,807358,2017-01-01T00:00:00+00:00,2026-08-09T23:30:00+00:00,3507,336767,15.0,99.61,6.17,4.05,1315,31:620929; -1:98463; 99:65221; 254:22687; 225:58,0,,,,,,wl_27023.csv
27025,,,,,,ok,True,plain_csv,2002-06-19T00:15:00+00:00,2026-08-09T23:30:00+00:00,8817,846526,2017-01-01T00:00:00+00:00,2026-08-09T23:30:00+00:00,3507,336767,15.0,98.56,15.38,34.25,4842,31:533581; 99:164827; 254:63072; 101:59659; -1:22896,0,,,,,,wl_27025.csv
27060,,,,,,ok,True,plain_csv,2002-06-18T00:15:00+00:00,2026-08-09T23:30:00+00:00,8818,846622,2017-01-01T00:00:00+00:00,2026-08-09T23:30:00+00:00,3507,336767,15.0,77.24,6.17,16.94,76656,31:741557; 101:45637; 254:20770; 32:18150; 156:14554,0,,,,,,wl_27060.csv
27064,,,,,,ok,False,plain_csv,2003-02-21T16:30:00+00:00,2026-08-09T23:30:00+00:00,8570,822749,2017-01-01T00:00:00+00:00,2026-08-09T23:30:00+00:00,3507,336767,15.0,65.55,7.52,143.28,116010,31:699152; 101:51581; -1:45126; 254:26890,0,,,,,,wl_27064.csv
27065,,,,,,ok,False,plain_csv,2002-07-26T00:00:00+00:00,2025-11-10T10:30:00+00:00,8508,816811,2017-01-01T00:00:00+00:00,2025-11-10T10:30:00+00:00,3235,310603,15.0,73.84,1.6,74.41,81258,31:635395; 254:50761; 101:43601; -1:43502; 42:16243,0,,,,,,wl_27065.csv
27066,,,,,,ok,True,plain_csv,2007-08-02T10:45:00+00:00,2026-08-09T23:30:00+00:00,6947,666964,2017-01-01T00:00:00+00:00,2026-08-09T23:30:00+00:00,3507,336767,15.0,98.53,6.12,4.35,4947,31:625683; 254:20656; 32:11422; -1:5199; 101:3810,0,,,,,,wl_27066.csv
27068,,,,,,ok,False,plain_csv,2002-06-19T00:15:00+00:00,2026-08-09T23:30:00+00:00,8817,2539576,2017-01-01T00:00:00+00:00,2026-08-09T23:30:00+00:00,3507,1010299,5.0,58.48,10.27,31.36,419495,31:2024715; -1:194938; 101:137205; 254:103770; 42:42626,0,,,,,,wl_27068.csv
28001,,,,,,ok,False,plain_csv,1972-10-01T00:00:00+00:00,2026-08-09T23:30:00+00:00,19670,1888415,2017-01-01T00:00:00+00:00,2026-08-09T23:30:00+00:00,3507,336767,15.0,96.76,7.71,74.83,10908,31:1568816; -1:191648; 1:61451; 32:33044; 254:26096,0,,,,,,wl_28001.csv
28002,,,,,,ok,True,plain_csv,1972-10-01T00:00:00+00:00,2026-08-09T23:30:00+00:00,19670,1888415,2017-01-01T00:00:00+00:00,2026-08-09T23:30:00+00:00,3507,336767,15.0,98.62,6.71,8.11,4632,31:1383940; -1:481875; 254:22592; 225:8,0,,,,,,wl_28002.csv
29001,,,,,,ok,True,plain_csv,1957-10-07T12:00:00+00:00,2026-08-09T23:30:00+00:00,25143,2413775,2017-01-01T00:00:00+00:00,2026-08-09T23:30:00+00:00,3507,336767,15.0,98.47,4.24,15.59,5166,31:1774208; -1:539599; 254:43383; 32:22979; 101:14944,0,,,,,,wl_29001.csv
29002,,,,,,ok,True,plain_csv,1971-08-30T16:15:00+00:00,2026-08-09T23:30:00+00:00,20068,1926558,2017-01-01T00:00:00+00:00,2026-08-09T23:30:00+00:00,3507,336767,15.0,99.85,4.4,3.14,502,31:1595815; -1:268315; 254:48919; 101:8749; 42:2666,0,,,,,,wl_29002.csv
29004,,,,,,ok,True,plain_csv,1973-07-10T12:00:00+00:00,2026-08-09T23:30:00+00:00,19388,1861295,2017-01-01T00:00:00+00:00,2026-08-09T23:30:00+00:00,3507,336767,15.0,99.17,8.56,7.67,2786,31:1567076; -1:258577; 254:29440; 101:6042; 32:160,0,,,,,,wl_29004.csv
29007,,,,,,ok,False,plain_csv,1983-02-15T12:00:00+00:00,2026-08-09T23:30:00+00:00,15881,1524623,2017-01-01T00:00:00+00:00,2026-08-09T23:30:00+00:00,3507,336767,15.0,97.37,5.49,74.27,8851,31:1233208; -1:143143; 101:124435; 254:18589; 32:3997,0,,,,,,wl_29007.csv
29009,,,,,,ok,True,plain_csv,2001-12-31T00:15:00+00:00,2026-08-09T23:30:00+00:00,8987,862846,2017-01-01T00:00:00+00:00,2026-08-09T23:30:00+00:00,3507,336767,15.0,98.85,2.93,23.36,3858,31:748817; -1:62296; 32:23159; 151:18720; 254:9853,0,,,,,,wl_29009.csv
29010,,,,,,ok,True,plain_csv,1983-03-10T12:00:00+00:00,2026-08-09T23:30:00+00:00,15858,1522415,2017-01-01T00:00:00+00:00,2026-08-09T23:30:00+00:00,3507,336767,15.0,99.9,5.51,0.65,327,31:1282565; -1:203432; 254:18678; 101:12476; 42:5264,0,,,,,,wl_29010.csv
29011,,,,,,ok,True,plain_csv,2007-08-09T07:30:00+00:00,2026-08-09T23:30:00+00:00,6940,666305,2017-01-01T00:00:00+00:00,2026-08-09T23:30:00+00:00,3507,336767,15.0,99.91,6.37,1.43,294,31:622602; -1:22152; 254:21551,0,,,,,,wl_29011.csv
29014,,,,,,ok,True,plain_csv,1983-03-10T12:00:00+00:00,2026-08-09T23:30:00+00:00,15858,1522415,2017-01-01T00:00:00+00:00,2026-08-09T23:30:00+00:00,3507,336767,15.0,99.49,7.72,13.04,1711,31:1226631; -1:265849; 254:26003; 101:3932,0,,,,,,wl_29014.csv
29015,,,,,,ok,True,plain_csv,2004-05-29T12:30:00+00:00,2026-08-09T23:30:00+00:00,8107,778317,2017-01-01T00:00:00+00:00,2026-08-09T23:30:00+00:00,3507,336767,15.0,99.77,8.49,2.06,765,31:551593; 99:96590; -1:43247; 42:35381; 254:28711,0,,,,,,wl_29015.csv
29020,,,,,,ok,True,plain_csv,1999-09-17T14:15:00+00:00,2026-08-09T23:30:00+00:00,9823,943046,2017-01-01T00:00:00+00:00,2026-08-09T23:30:00+00:00,3507,336767,15.0,98.14,7.35,9.07,6254,31:745934; -1:113510; 41:31116; 254:24746; 32:16802,0,,,,,,wl_29020.csv
29021,,,,,,ok,True,plain_csv,1999-09-17T15:00:00+00:00,2026-08-09T23:30:00+00:00,9823,943043,2017-01-01T00:00:00+00:00,2026-08-09T23:30:00+00:00,3507,336767,15.0,98.54,2.94,19.88,4904,31:836428; -1:73791; 32:22875; 254:9948; 225:1,0,,,,,,wl_29021.csv
29022,,,,,,ok,False,plain_csv,2004-12-01T00:15:00+00:00,2026-08-09T23:00:00+00:00,7921,760508,2017-01-01T00:00:00+00:00,2026-08-09T23:00:00+00:00,3507,336765,15.0,96.7,2.92,70.55,11122,31:422072; 99:163905; -1:85948; 32:48184; 42:27763,0,,,,,,wl_29022.csv
29023,,,,,,ok,True,plain_csv,1999-09-17T16:00:00+00:00,2026-08-09T23:30:00+00:00,9823,943039,2017-01-01T00:00:00+00:00,2026-08-09T23:30:00+00:00,3507,336767,15.0,99.55,4.87,7.67,1529,31:741394; -1:111985; 32:56654; 254:16418; 101:12936,0,,,,,,wl_29023.csv
29024,,,,,,ok,True,plain_csv,1999-09-17T00:15:00+00:00,2026-08-09T23:30:00+00:00,9823,943102,2017-01-01T00:00:00+00:00,2026-08-09T23:30:00+00:00,3507,336767,15.0,99.06,2.76,7.69,3176,31:720028; -1:129627; 32:82582; 254:9295; 99:1344,0,,,,,,wl_29024.csv
29025,,,,,,ok,True,plain_csv,2017-09-05T09:45:00+00:00,2026-08-09T23:30:00+00:00,3260,313016,2017-09-05T09:45:00+00:00,2026-08-09T23:30:00+00:00,3260,313016,15.0,99.46,2.42,4.73,1695,31:300735; 254:7566; 32:3020; -1:1695,0,,,,,,wl_29025.csv
30001,,,,,,ok,True,plain_csv,1972-10-01T00:00:00+00:00,2026-08-09T23:30:00+00:00,19670,1888415,2017-01-01T00:00:00+00:00,2026-08-09T23:30:00+00:00,3507,336767,15.0,99.65,7.22,6.77,1186,31:1432215; -1:261175; 99:87939; 32:56986; 254:33396,0,,,,,,wl_30001.csv
30002,,,,,,ok,True,plain_csv,1974-08-16T11:15:00+00:00,2026-08-09T23:30:00+00:00,18986,1822706,2017-01-01T00:00:00+00:00,2026-08-09T23:30:00+00:00,3507,336767,15.0,99.68,9.91,5.51,1082,31:1581548; -1:120003; 101:64852; 254:33369; 41:13364,0,,,,,,wl_30002.csv
30004,,,,,,ok,True,plain_csv,1939-10-08T12:00:00+00:00,2026-08-09T23:30:00+00:00,31717,3044879,2017-01-01T00:00:00+00:00,2026-08-09T23:30:00+00:00,3507,336767,15.0,99.65,7.51,2.8,1164,31:2005011; 42:472053; -1:372146; 32:118073; 41:30723,0,,,,,,wl_30004.csv
30005,,,,,,ok,True,plain_csv,1955-10-14T00:00:00+00:00,2026-08-09T23:30:00+00:00,25867,2483327,2017-01-01T00:00:00+00:00,2026-08-09T23:30:00+00:00,3507,336767,15.0,98.89,6.9,14.52,3754,31:2221640; -1:110098; 32:87555; 101:34564; 254:23264,0,,,,,,wl_30005.csv
30007,,,,,,ok,True,plain_csv,1974-11-20T12:15:00+00:00,2026-08-09T23:30:00+00:00,18890,1813486,2017-01-01T00:00:00+00:00,2026-08-09T23:30:00+00:00,3507,336767,15.0,99.13,7.23,9.08,2921,31:1730330; -1:28800; 254:24335; 101:19420; 151:7089,0,,,,,,wl_30007.csv
30017,,,,,,ok,True,plain_csv,2007-06-27T12:00:00+00:00,2026-08-09T23:30:00+00:00,6983,670415,2017-01-01T00:00:00+00:00,2026-08-09T23:30:00+00:00,3507,336767,15.0,99.77,5.77,0.98,782,31:601487; 151:44895; 254:19428; 101:3468; -1:1137,0,,,,,,wl_30017.csv
30031,,,,,,ok,True,plain_csv,2000-11-01T13:00:00+00:00,2026-08-09T23:30:00+00:00,9412,903595,2017-01-01T00:00:00+00:00,2026-08-09T23:30:00+00:00,3507,336767,15.0,98.18,7.18,26.83,6134,31:827132; 254:53107; -1:12668; 101:10688,0,,,,,,wl_30031.csv
30034,,,,,,ok,True,plain_csv,2007-06-27T15:45:00+00:00,2026-08-09T23:30:00+00:00,6983,670400,2017-01-01T00:00:00+00:00,2026-08-09T23:30:00+00:00,3507,336767,15.0,99.86,13.54,4.52,476,31:382455; 151:109506; 254:45632; 41:40214; 32:36541,0,,,,,,wl_30034.csv
30061,,,,,,ok,True,plain_csv,2004-02-13T00:00:00+00:00,2026-08-09T23:30:00+00:00,8213,2365627,2017-01-01T00:00:00+00:00,2026-08-09T23:30:00+00:00,3507,1010299,5.0,98.02,5.55,7.29,20050,31:2231175; 254:56306; -1:34351; 101:23619; 41:13231,0,,,,,,wl_30061.csv
30081,,,,,,ok,True,plain_csv,1972-10-01T00:00:00+00:00,2026-08-09T23:30:00+00:00,19670,1888415,2017-01-01T00:00:00+00:00,2026-08-09T23:30:00+00:00,3507,336767,15.0,99.27,6.91,7.15,2470,31:1479662; -1:167014; 32:165572; 101:33033; 254:27880,0,,,,,,wl_30081.csv
30082,,,,,,ok,True,plain_csv,1957-10-05T14:45:00+00:00,2026-08-09T23:30:00+00:00,25145,2413956,2017-01-01T00:00:00+00:00,2026-08-09T23:30:00+00:00,3507,336767,15.0,97.25,7.24,25.65,9254,31:1797969; -1:585879; 254:30042; 225:66,0,,,,,,wl_30082.csv
30083,,,,,,ok,True,plain_csv,2002-06-11T15:00:00+00:00,2026-08-09T23:30:00+00:00,8825,847235,2017-01-01T00:00:00+00:00,2026-08-09T23:30:00+00:00,3507,336767,15.0,99.61,5.85,4.85,1308,31:795191; 254:19709; 32:12989; 101:11234; -1:6767,0,,,,,,wl_30083.csv
30084,,,,,,ok,True,plain_csv,2001-03-05T14:15:00+00:00,2026-08-09T23:30:00+00:00,9288,891686,2017-01-01T00:00:00+00:00,2026-08-09T23:30:00+00:00,3507,336767,15.0,99.42,6.91,5.5,1967,31:821460; 254:23406; -1:17277; 101:14578; 41:9956,0,,,,,,wl_30084.csv
30089,,,,,,ok,True,plain_csv,2002-05-17T14:30:00+00:00,2026-08-09T23:30:00+00:00,8850,849637,2017-01-01T00:00:00+00:00,2026-08-09T23:30:00+00:00,3507,336767,15.0,98.95,8.93,10.71,3529,31:761652; 254:38414; -1:21060; 101:20413; 151:4126,0,,,,,,wl_30089.csv
30096,,,,,,ok,True,plain_csv,2021-07-29T00:00:00+00:00,2026-08-09T23:30:00+00:00,1837,176447,2021-07-29T00:00:00+00:00,2026-08-09T23:30:00+00:00,1837,176447,15.0,98.43,14.04,8.24,2775,31:148893; 254:24779; -1:2775,0,,,,,,wl_30096.csv
30097,,,,,,ok,False,plain_csv,2021-09-14T14:00:00+00:00,2026-08-09T23:30:00+00:00,1790,171879,2021-09-14T14:00:00+00:00,2026-08-09T23:30:00+00:00,1790,171879,15.0,99.99,19.13,0.03,19,31:131583; 254:32872; 101:7405; -1:19,0,,,,,,wl_30097.csv
30098,,,,,,ok,True,plain_csv,2003-10-07T10:00:00+00:00,2026-08-09T23:30:00+00:00,8342,800887,2017-01-01T00:00:00+00:00,2026-08-09T23:30:00+00:00,3507,336767,15.0,99.43,4.69,10.33,1928,31:670511; -1:102889; 254:15788; 101:8629; 151:3070,0,,,,,,wl_30098.csv
30099,,,,,,ok,True,plain_csv,2004-12-30T11:15:00+00:00,2026-08-09T23:30:00+00:00,7892,757682,2017-01-01T00:00:00+00:00,2026-08-09T23:30:00+00:00,3507,336767,15.0,99.24,8.93,13.47,2549,31:650736; -1:76537; 254:30409,0,,,,,,wl_30099.csv
30101,,,,,,ok,True,plain_csv,2001-02-09T15:00:00+00:00,2026-08-09T23:30:00+00:00,9312,893987,2017-01-01T00:00:00+00:00,2026-08-09T23:30:00+00:00,3507,336767,15.0,99.44,4.51,4.82,1890,31:731886; 101:107737; -1:24693; 254:15301; 32:14370,0,,,,,,wl_30101.csv
30117,,,,,,ok,True,plain_csv,2021-07-11T00:00:00+00:00,2026-08-09T23:30:00+00:00,1855,178175,2021-07-11T00:00:00+00:00,2026-08-09T23:30:00+00:00,1855,178175,15.0,99.29,10.66,6.16,1266,31:143273; 254:18989; 41:14647; -1:1266,0,,,,,,wl_30117.csv
31075,,,,,,ok,True,plain_csv,1973-10-30T14:45:00+00:00,2026-08-09T23:30:00+00:00,19276,1850532,2017-01-01T00:00:00+00:00,2026-08-09T23:30:00+00:00,3507,336767,15.0,98.87,5.29,8.2,3821,31:1472270; -1:142940; 101:141999; 41:40783; 254:27216,0,,,,,,wl_31075.csv
32013,,,,,,ok,True,plain_csv,2003-02-24T12:30:00+00:00,2026-08-09T23:30:00+00:00,8567,822477,2017-01-01T00:00:00+00:00,2026-08-09T23:30:00+00:00,3507,336767,15.0,99.33,7.45,9.9,2261,31:688439; 99:43671; -1:37970; 254:25097; 101:22446,0,,,,,,wl_32013.csv
32014,,,,,,ok,True,plain_csv,1984-09-05T18:15:00+00:00,2026-08-09T23:30:00+00:00,15313,1470070,2017-01-01T00:00:00+00:00,2026-08-09T23:30:00+00:00,3507,336767,15.0,99.27,7.14,14.53,2443,31:663655; -1:409135; 254:351211; 32:22565; 101:22078,0,,,,,,wl_32014.csv
32060,,,,,,ok,True,plain_csv,2003-02-24T09:15:00+00:00,2026-08-09T23:30:00+00:00,8567,822490,2017-01-01T00:00:00+00:00,2026-08-09T23:30:00+00:00,3507,336767,15.0,99.78,7.39,4.45,750,31:678164; -1:71733; 32:37433; 254:24892; 42:7784,0,,,,,,wl_32060.csv
34001,,,,,,ok,True,plain_csv,1969-02-07T12:00:00+00:00,2026-08-09T23:30:00+00:00,21002,2016239,2017-01-01T00:00:00+00:00,2026-08-09T23:30:00+00:00,3507,336767,15.0,99.96,6.86,0.15,132,31:1952494; -1:24505; 254:23861; 32:14985; 99:394,0,,,,,,wl_34001.csv
34004,,,,,,ok,True,plain_csv,1972-10-01T00:00:00+00:00,2026-08-09T23:30:00+00:00,19670,1888415,2017-01-01T00:00:00+00:00,2026-08-09T23:30:00+00:00,3507,336767,15.0,99.99,6.74,0.06,22,31:1750118; 32:66099; -1:49415; 254:22685; 101:98,0,,,,,,wl_34004.csv
34005,,,,,,ok,True,plain_csv,1972-10-01T00:15:00+00:00,2026-08-09T23:30:00+00:00,19670,1888414,2017-01-01T00:00:00+00:00,2026-08-09T23:30:00+00:00,3507,336767,15.0,99.46,6.74,18.57,1802,-1:1049446; 31:728456; 32:71105; 254:22697; 101:15936,0,,,,,,wl_34005.csv
34007,,,,,,ok,True,plain_csv,1972-10-01T00:00:00+00:00,2026-08-09T23:30:00+00:00,19670,1888415,2017-01-01T00:00:00+00:00,2026-08-09T23:30:00+00:00,3507,336767,15.0,99.97,6.76,0.21,98,31:1667914; -1:113108; 32:71829; 254:22768; 101:10635,0,,,,,,wl_34007.csv
34009,,,,,,ok,True,plain_csv,1972-01-01T00:00:00+00:00,2026-08-09T23:30:00+00:00,19944,1914719,2017-01-01T00:00:00+00:00,2026-08-09T23:30:00+00:00,3507,336767,15.0,99.97,7.54,0.89,104,31:1741664; -1:95916; 32:40096; 254:25386; 101:10702,0,,,,,,wl_34009.csv
34010,,,,,,ok,True,plain_csv,1953-02-21T09:00:00+00:00,2026-08-09T23:30:00+00:00,26832,2575931,2017-01-01T00:00:00+00:00,2026-08-09T23:30:00+00:00,3507,336767,15.0,99.98,6.73,0.17,79,31:2072634; -1:314793; 32:100587; 101:54176; 254:22681,0,,,,,,wl_34010.csv
34011,,,,,,ok,True,plain_csv,1975-06-10T12:15:00+00:00,2026-08-09T23:30:00+00:00,18688,1794094,2017-01-01T00:00:00+00:00,2026-08-09T23:30:00+00:00,3507,336767,15.0,99.88,7.57,4.1,417,31:1494801; -1:233868; 32:39937; 254:25483; 99:3,0,,,,,,wl_34011.csv
34013,,,,,,ok,True,plain_csv,2007-08-30T12:15:00+00:00,2026-08-09T23:30:00+00:00,6919,664270,2017-01-01T00:00:00+00:00,2026-08-09T23:30:00+00:00,3507,336767,15.0,99.05,6.74,14.11,3215,31:548470; 32:54934; 254:22711; 151:14192; -1:9457,0,,,,,,wl_34013.csv
34014,,,,,,ok,True,plain_csv,1952-10-01T00:00:00+00:00,2026-08-09T23:30:00+00:00,26975,2589695,2017-01-01T00:00:00+00:00,2026-08-09T23:30:00+00:00,3507,336767,15.0,99.67,6.27,10.36,1112,31:2236219; -1:174022; 32:115643; 101:25152; 254:22289,0,,,,,,wl_34014.csv
34018,,,,,,ok,True,plain_csv,1976-08-12T15:45:00+00:00,2026-08-09T23:30:00+00:00,18259,1752896,2017-01-01T00:00:00+00:00,2026-08-09T23:30:00+00:00,3507,336767,15.0,99.7,6.56,5.78,1018,31:1493752; -1:128318; 32:100625; 254:22100; 41:4140,0,,,,,,wl_34018.csv
34061,,,,,,ok,True,plain_csv,2007-11-13T09:30:00+00:00,2026-08-09T23:30:00+00:00,6844,1971241,2017-01-01T00:00:00+00:00,2026-08-09T23:30:00+00:00,3507,1010299,5.0,99.67,6.73,10.22,3328,31:1789535; 254:68005; 32:67205; -1:28707; 41:17647,0,,,,,,wl_34061.csv
34071,,,,,,ok,True,plain_csv,2007-08-15T16:00:00+00:00,2026-08-09T23:30:00+00:00,6934,665695,2017-01-01T00:00:00+00:00,2026-08-09T23:30:00+00:00,3507,336767,15.0,98.95,6.57,25.44,3530,31:596107; 101:23501; 254:22146; -1:15572; 32:8366,0,,,,,,wl_34071.csv
34081,,,,,,ok,True,plain_csv,2002-09-18T15:00:00+00:00,2026-08-09T23:30:00+00:00,8726,837731,2017-01-01T00:00:00+00:00,2026-08-09T23:30:00+00:00,3507,336767,15.0,99.61,5.48,7.96,1308,31:558281; 254:128320; -1:100873; 32:25673; 101:24477,0,,,,,,wl_34081.csv
34082,,,,,,ok,True,plain_csv,1989-10-23T14:15:00+00:00,2026-08-09T23:30:00+00:00,13439,1290182,2017-01-01T00:00:00+00:00,2026-08-09T23:30:00+00:00,3507,336767,15.0,99.81,3.52,2.09,628,-1:641937; 31:628056; 254:12834; 32:7355,0,,,,,,wl_34082.csv
34083,,,,,,ok,True,plain_csv,2010-02-03T17:30:00+00:00,2026-08-09T23:30:00+00:00,6031,579001,2017-01-01T00:00:00+00:00,2026-08-09T23:30:00+00:00,3507,336767,15.0,99.7,5.47,5.96,995,31:484035; 32:72457; 254:18406; -1:3892; 99:211,0,,,,,,wl_34083.csv
34114,,,,,,ok,True,plain_csv,2016-04-21T12:15:00+00:00,2026-08-09T23:30:00+00:00,3762,361198,2017-01-01T00:00:00+00:00,2026-08-09T23:30:00+00:00,3507,336767,15.0,99.04,5.13,12.05,3240,31:330197; 254:17276; 32:6239; 156:3855; -1:3240,0,,,,,,wl_34114.csv
34117,,,,,,ok,True,plain_csv,2016-07-26T11:45:00+00:00,2026-08-09T23:30:00+00:00,3666,351984,2017-01-01T00:00:00+00:00,2026-08-09T23:30:00+00:00,3507,336767,15.0,98.9,4.89,7.89,3705,31:298582; 32:32713; 254:16477; -1:4211; 151:1,0,,,,,,wl_34117.csv
34118,,,,,,ok,True,plain_csv,2017-02-20T13:45:00+00:00,2026-08-09T23:30:00+00:00,3457,331912,2017-02-20T13:45:00+00:00,2026-08-09T23:30:00+00:00,3457,331912,15.0,97.27,5.19,44.4,9075,31:229848; 32:70326; 254:17234; -1:9075; 156:4603,0,,,,,,wl_34118.csv
34119,,,,,,ok,True,plain_csv,2017-02-09T16:00:00+00:00,2026-08-09T23:30:00+00:00,3468,332959,2017-02-09T16:00:00+00:00,2026-08-09T23:30:00+00:00,3468,332959,15.0,99.28,7.12,11.92,2409,31:189592; 32:50862; 151:37940; 156:26764; 254:23702,0,,,,,,wl_34119.csv
34120,,,,,,ok,True,plain_csv,2018-05-17T15:15:00+00:00,2026-08-09T23:30:00+00:00,3006,288610,2018-05-17T15:15:00+00:00,2026-08-09T23:30:00+00:00,3006,288610,15.0,99.46,3.94,8.74,1552,31:226177; 151:20359; 156:16128; 32:12439; 254:11359,0,,,,,,wl_34120.csv
34121,,,,,,ok,True,plain_csv,2018-05-16T15:15:00+00:00,2026-08-09T23:30:00+00:00,3007,288706,2018-05-16T15:15:00+00:00,2026-08-09T23:30:00+00:00,3007,288706,15.0,99.46,3.93,4.96,1568,31:204463; 32:23679; 42:22188; 151:13500; 156:11462,0,,,,,,wl_34121.csv
34122,,,,,,ok,True,plain_csv,2020-03-20T15:30:00+00:00,2026-08-09T23:30:00+00:00,2333,224001,2020-03-20T15:30:00+00:00,2026-08-09T23:30:00+00:00,2333,224001,15.0,98.82,6.93,6.38,2651,31:205819; 254:15531; -1:2651,0,,,,,,wl_34122.csv
34123,,,,,,ok,True,plain_csv,2020-02-19T11:15:00+00:00,2026-08-09T23:30:00+00:00,2363,226898,2020-02-19T11:15:00+00:00,2026-08-09T23:30:00+00:00,2363,226898,15.0,98.35,7.08,26.18,3739,31:166856; 254:16066; 42:14866; 151:8643; 32:5950,0,,,,,,wl_34123.csv
34124,,,,,,ok,True,plain_csv,2020-01-24T13:00:00+00:00,2026-08-09T23:30:00+00:00,2389,229387,2020-01-24T13:00:00+00:00,2026-08-09T23:30:00+00:00,2389,229387,15.0,99.99,5.12,0.07,16,31:161678; 151:26409; 32:18806; 254:11747; 156:10731,0,,,,,,wl_34124.csv
34125,,,,,,ok,False,plain_csv,2023-10-06T15:00:00+00:00,2026-08-09T23:30:00+00:00,1038,99683,2023-10-06T15:00:00+00:00,2026-08-09T23:30:00+00:00,1038,99683,15.0,99.08,11.3,5.27,913,31:84826; 254:11261; 32:2683; -1:913,0,,,,,,wl_34125.csv
35001,,,,,,ok,True,plain_csv,1955-11-08T00:00:00+00:00,2026-08-09T23:30:00+00:00,25842,2480927,2017-01-01T00:00:00+00:00,2026-08-09T23:30:00+00:00,3507,336767,15.0,99.69,0.97,3.97,1060,31:2245810; 254:129354; -1:63678; 32:31435; 99:8686,0,,,,,,wl_35001.csv
35002,,,,,,ok,True,plain_csv,1972-01-19T11:00:00+00:00,2026-08-09T23:30:00+00:00,19926,1912947,2017-01-01T00:00:00+00:00,2026-08-09T23:30:00+00:00,3507,336767,15.0,96.89,0.97,23.18,10470,31:1795676; 32:64111; -1:47982; 254:3361; 41:1810,0,,,,,,wl_35002.csv
35003,,,,,,ok,True,plain_csv,2007-08-22T11:00:00+00:00,2026-08-09T23:30:00+00:00,6927,665043,2017-01-01T00:00:00+00:00,2026-08-09T23:30:00+00:00,3507,336767,15.0,99.45,3.14,12.26,1845,31:591403; -1:32623; 32:29827; 254:10605; 101:585,0,,,,,,wl_35003.csv
35004,,,,,,ok,True,plain_csv,2007-08-30T16:30:00+00:00,2026-08-09T23:30:00+00:00,6919,664253,2017-01-01T00:00:00+00:00,2026-08-09T23:30:00+00:00,3507,336767,15.0,98.7,3.25,4.09,4373,31:519755; 32:104164; -1:28530; 254:10974; 101:825,0,,,,,,wl_35004.csv
35005,,,,,,ok,True,plain_csv,1946-01-01T00:00:00+00:00,2026-08-09T23:30:00+00:00,29440,2826335,2017-01-01T00:00:00+00:00,2026-08-09T23:30:00+00:00,3507,336767,15.0,98.43,3.15,52.91,5284,31:2405201; -1:368779; 32:41750; 254:10599; 99:5,0,,,,,,wl_35005.csv
35011,,,,,,ok,True,plain_csv,1957-10-09T16:00:00+00:00,2026-08-09T23:30:00+00:00,25141,2413567,2017-01-01T00:00:00+00:00,2026-08-09T23:30:00+00:00,3507,336767,15.0,99.71,3.51,2.06,974,31:2097092; 32:163857; -1:95470; 101:45309; 254:11837,0,,,,,,wl_35011.csv
35028,,,,,,ok,True,plain_csv,2002-10-04T11:45:00+00:00,2026-08-09T23:30:00+00:00,8710,836208,2017-01-01T00:00:00+00:00,2026-08-09T23:30:00+00:00,3507,336767,15.0,99.99,3.35,0.12,48,31:763696; 32:52388; 254:11749; -1:4611; 101:3751,0,,,,,,wl_35028.csv
35029,,,,,,ok,True,plain_csv,2007-08-28T15:00:00+00:00,2026-08-09T23:30:00+00:00,6921,664451,2017-01-01T00:00:00+00:00,2026-08-09T23:30:00+00:00,3507,336767,15.0,98.71,3.75,17.61,4351,31:536379; 32:62558; 101:26732; -1:22278; 254:12614,0,,,,,,wl_35029.csv
35071,,,,,,ok,True,plain_csv,1974-12-04T00:00:00+00:00,2026-08-09T23:30:00+00:00,18876,1812191,2017-01-01T00:00:00+00:00,2026-08-09T23:30:00+00:00,3507,336767,15.0,99.69,3.75,9.91,1057,31:1567908; 32:138538; 254:56229; -1:25155; 42:10822,0,,,,,,wl_35071.csv
35078,,,,,,ok,True,plain_csv,2007-08-29T16:15:00+00:00,2026-08-09T23:30:00+00:00,6920,664350,2017-01-01T00:00:00+00:00,2026-08-09T23:30:00+00:00,3507,336767,15.0,98.43,0.97,13.62,5283,31:624798; 32:26589; -1:9683; 254:3280,0,,,,,,wl_35078.csv
35087,,,,,,ok,True,plain_csv,2008-10-17T15:30:00+00:00,2026-08-07T20:45:00+00:00,6503,624310,2017-01-01T00:00:00+00:00,2026-08-07T20:45:00+00:00,3505,336564,15.0,99.86,1.06,0.42,484,31:541317; 101:50707; 32:14008; -1:8951; 41:5771,0,,,,,,wl_35087.csv
36010,,,,,,ok,True,plain_csv,1972-10-01T00:00:00+00:00,2026-08-09T23:30:00+00:00,19670,1888415,2017-01-01T00:00:00+00:00,2026-08-09T23:30:00+00:00,3507,336767,15.0,98.32,13.61,9.03,5658,31:1549468; -1:201427; 254:71106; 32:28456; 1:26172,0,,,,,,wl_36010.csv
36012,,,,,,ok,True,plain_csv,1972-10-01T00:00:00+00:00,2026-08-09T23:30:00+00:00,19670,1888415,2017-01-01T00:00:00+00:00,2026-08-09T23:30:00+00:00,3507,336767,15.0,99.76,6.35,5.51,820,31:1407124; -1:263849; 254:158145; 41:32159; 32:20493,0,,,,,,wl_36012.csv
36013,,,,,,ok,True,plain_csv,1990-01-01T08:00:00+00:00,2026-08-09T23:30:00+00:00,13369,1283487,2017-01-01T00:00:00+00:00,2026-08-09T23:30:00+00:00,3507,336767,15.0,98.66,12.77,7.14,4497,31:791920; -1:314806; 254:68237; 99:53909; 32:39171,0,,,,,,wl_36013.csv
36015,,,,,,ok,True,plain_csv,1956-10-29T08:30:00+00:00,2026-08-09T23:30:00+00:00,25486,2446717,2017-01-01T00:00:00+00:00,2026-08-09T23:30:00+00:00,3507,336767,15.0,99.86,2.98,1.88,480,31:2250695; -1:185943; 254:10079,0,,,,,,wl_36015.csv
36018,,,,,,ok,True,plain_csv,1972-10-01T00:00:00+00:00,2026-08-09T14:00:00+00:00,19670,1888377,2017-01-01T00:00:00+00:00,2026-08-09T14:00:00+00:00,3507,336729,15.0,99.37,3.08,7.69,2133,31:1580940; -1:251881; 254:47234; 101:8322,0,,,,,,wl_36018.csv
36019,,,,,,ok,True,plain_csv,1957-12-19T14:00:00+00:00,2026-08-09T23:30:00+00:00,25070,2406759,2017-01-01T00:00:00+00:00,2026-08-09T23:30:00+00:00,3507,336767,15.0,99.3,10.46,11.44,2355,31:2232027; -1:91093; 254:52786; 101:21040; 32:6868,0,,,,,,wl_36019.csv
36020,,,,,,ok,True,plain_csv,1978-10-07T12:00:00+00:00,2026-08-09T23:30:00+00:00,17473,1677455,2017-01-01T00:00:00+00:00,2026-08-09T23:30:00+00:00,3507,336767,15.0,98.55,5.0,12.3,4884,31:1407601; -1:216677; 32:22545; 254:17370; 41:7864,0,,,,,,wl_36020.csv
36021,,,,,,ok,True,plain_csv,1978-03-14T17:15:00+00:00,2026-08-09T23:30:00+00:00,17680,1697306,2017-01-01T00:00:00+00:00,2026-08-09T23:30:00+00:00,3507,336767,15.0,99.15,6.64,6.5,2867,31:1476112; -1:132713; 101:39889; 32:26099; 254:22493,0,,,,,,wl_36021.csv
36022,,,,,,ok,True,plain_csv,1977-05-18T12:15:00+00:00,2026-08-09T23:30:00+00:00,17980,1726126,2017-01-01T00:00:00+00:00,2026-08-09T23:30:00+00:00,3507,336767,15.0,98.14,8.02,11.4,6257,31:1304586; -1:270738; 99:123147; 254:27001; 32:654,0,,,,,,wl_36022.csv
36037,,,,,,ok,True,plain_csv,1992-01-07T11:30:00+00:00,2026-08-09T23:30:00+00:00,12633,1212817,2017-01-01T00:00:00+00:00,2026-08-09T23:30:00+00:00,3507,336767,15.0,99.48,2.91,5.9,1766,31:824969; 41:160668; -1:86284; 42:86254; 32:27381,0,,,,,,wl_36037.csv
36042,,,,,,ok,False,plain_csv,2022-04-27T11:30:00+00:00,2026-08-09T23:30:00+00:00,1565,150289,2022-04-27T11:30:00+00:00,2026-08-09T23:30:00+00:00,1565,150289,15.0,98.82,14.56,6.88,1776,31:126624; 254:21889; -1:1776,0,,,,,,wl_36042.csv
36083,,,,,,ok,True,plain_csv,2007-09-07T11:00:00+00:00,2025-03-13T12:15:00+00:00,6397,614118,2017-01-01T00:00:00+00:00,2025-03-13T12:15:00+00:00,2993,287378,15.0,98.53,0.37,7.27,4223,31:539293; 101:55475; 32:9471; -1:6922; 41:1843,0,,,,,,wl_36083.csv
36084,,,,,,ok,True,plain_csv,2013-12-11T12:30:00+00:00,2026-08-09T23:30:00+00:00,4624,443949,2017-01-01T00:00:00+00:00,2026-08-09T23:30:00+00:00,3507,336767,15.0,97.44,5.19,56.1,8635,31:310696; 41:50949; 101:40871; 254:17486; -1:16192,0,,,,,,wl_36084.csv
36171,,,,,,ok,True,plain_csv,1982-08-06T12:30:00+00:00,2026-08-09T23:30:00+00:00,16074,1543149,2017-01-01T00:00:00+00:00,2026-08-09T23:30:00+00:00,3507,336767,15.0,98.41,5.59,10.2,5345,31:1279523; -1:208675; 254:31911; 32:18902; 101:4138,0,,,,,,wl_36171.csv
38001,,,,,,ok,True,plain_csv,1972-10-01T00:15:00+00:00,2026-08-09T23:30:00+00:00,19670,1888414,2017-01-01T00:00:00+00:00,2026-08-09T23:30:00+00:00,3507,336767,15.0,99.33,2.55,17.3,2242,31:1656772; -1:173080; 32:49834; 254:8703; 225:24,0,,,,,,wl_38001.csv
38010,,,,,,ok,True,plain_csv,2019-11-29T11:45:00+00:00,2026-08-09T23:30:00+00:00,2445,234768,2019-11-29T11:45:00+00:00,2026-08-09T23:30:00+00:00,2445,234768,15.0,99.99,3.65,0.04,27,31:226168; 254:8573; -1:27,0,,,,,,wl_38010.csv
39001,,,,,,ok,True,plain_csv,1973-01-01T00:00:00+00:00,2026-08-09T23:30:00+00:00,19578,1879583,2017-01-01T00:00:00+00:00,2026-08-09T23:30:00+00:00,3507,336767,15.0,99.52,2.54,16.53,1613,31:1456098; -1:159072; 101:129151; 32:126427; 254:8606,0,,,,,,wl_39001.csv
39003,,,,,,ok,True,plain_csv,1972-11-07T15:30:00+00:00,2026-08-09T23:30:00+00:00,19633,1884801,2017-01-01T00:00:00+00:00,2026-08-09T23:30:00+00:00,3507,336767,15.0,98.96,7.68,3.89,3499,31:1362104; 254:468846; 32:28722; -1:13977; 101:11129,0,,,,,,wl_39003.csv
39008,,,,,,ok,True,plain_csv,1972-11-07T16:45:00+00:00,2026-08-09T23:30:00+00:00,19633,1884796,2017-01-01T00:00:00+00:00,2026-08-09T23:30:00+00:00,3507,336767,15.0,98.33,7.34,32.54,5617,31:1509663; -1:309472; 32:25010; 254:24723; 101:12251,0,,,,,,wl_39008.csv
39009,,,,,,ok,True,plain_csv,1972-09-05T15:00:00+00:00,2026-08-09T23:30:00+00:00,19696,1890851,2017-01-01T00:00:00+00:00,2026-08-09T23:30:00+00:00,3507,336767,15.0,99.35,7.34,10.29,2184,31:1799040; 32:37231; -1:29063; 254:25515; 99:2,0,,,,,,wl_39009.csv
39018,,,,,,ok,False,plain_csv,2022-11-10T13:00:00+00:00,2026-08-09T23:30:00+00:00,1368,131371,2022-11-10T13:00:00+00:00,2026-08-09T23:30:00+00:00,1368,131371,15.0,100.0,19.82,0.02,6,31:105325; 254:26040; -1:6,0,,,,,,wl_39018.csv
39061,,,,,,ok,False,plain_csv,2006-10-05T15:00:00+00:00,2026-08-09T23:30:00+00:00,7248,2087527,2017-01-01T00:00:00+00:00,2026-08-09T23:30:00+00:00,3507,1010299,5.0,52.4,31.82,25.62,480940,31:778649; 41:437970; 101:330820; 254:323926; -1:164033,0,,,,,,wl_39061.csv
40008,,,,,,ok,True,plain_csv,2019-10-10T15:30:00+00:00,2026-08-09T23:30:00+00:00,2495,239553,2019-10-10T15:30:00+00:00,2026-08-09T23:30:00+00:00,2495,239553,15.0,99.99,10.79,0.02,18,31:194692; 254:25855; 32:18988; -1:18,0,,,,,,wl_40008.csv
